[1/55] Building C object _deps/glfw-build/src/CMakeFiles/glfw.dir/platform.c.o
[2/55] Building C object _deps/glfw-build/src/CMakeFiles/glfw.dir/vulkan.c.o
[3/55] Building C object _deps/glfw-build/src/CMakeFiles/glfw.dir/init.c.o
[4/55] Building C object _deps/glfw-build/src/CMakeFiles/glfw.dir/context.c.o
[5/55] Building C object _deps/glfw-build/src/CMakeFiles/glfw.dir/null_init.c.o
[6/55] Building C object _deps/glfw-build/src/CMakeFiles/glfw.dir/osmesa_context.c.o
[7/55] Building C object _deps/glfw-build/src/CMakeFiles/glfw.dir/monitor.c.o
[8/55] Building C object _deps/glfw-build/src/CMakeFiles/glfw.dir/null_monitor.c.o
[9/55] Building C object _deps/glfw-build/src/CMakeFiles/glfw.dir/window.c.o
[10/55] Building C object _deps/glfw-build/src/CMakeFiles/glfw.dir/null_joystick.c.o
[11/55] Building C object _deps/glfw-build/src/CMakeFiles/glfw.dir/null_window.c.o
[12/55] Building C object _deps/glfw-build/src/CMakeFiles/glfw.dir/posix_thread.c.o
[13/55] Building C object _deps/glfw-build/src/CMakeFiles/glfw.dir/egl_context.c.o
[14/55] Building C object _deps/glfw-build/src/CMakeFiles/glfw.dir/input.c.o
[15/55] Building C object _deps/glfw-build/src/CMakeFiles/glfw.dir/posix_module.c.o
[16/55] Building C object _deps/glfw-build/src/CMakeFiles/glfw.dir/posix_time.c.o
[17/55] Building C object _deps/glfw-build/src/CMakeFiles/glfw.dir/xkb_unicode.c.o
[18/55] Building C object _deps/glfw-build/src/CMakeFiles/glfw.dir/glx_context.c.o
[19/55] Building C object _deps/glfw-build/src/CMakeFiles/glfw.dir/x11_monitor.c.o
[20/55] Building C object _deps/glfw-build/src/CMakeFiles/glfw.dir/posix_poll.c.o
[21/55] Building C object _deps/glfw-build/src/CMakeFiles/glfw.dir/linux_joystick.c.o
[22/55] Building C object _deps/glfw-build/src/CMakeFiles/glfw.dir/x11_init.c.o
[23/55] Building C object _deps/glfw-build/src/CMakeFiles/glfw.dir/x11_window.c.o
[24/55] Building CXX object engine/renderer/CMakeFiles/resf2_renderer.dir/software_renderer.cpp.o
/home/runner/work/reSF2/reSF2/engine/renderer/software_renderer.cpp: In member function ‘bool resf2::soft::Texture::init_rgba(int, int, const uint8_t*)’:
/home/runner/work/reSF2/reSF2/engine/renderer/software_renderer.cpp:29:27: warning: use of old-style cast to ‘size_t’ {aka ‘long unsigned int’} [-Wold-style-cast]
   29 |     pixels.resize((size_t)w * h * 4);
      |                           ^
      |                   ---------
      |                   static_cast<size_t> (w)
/home/runner/work/reSF2/reSF2/engine/renderer/software_renderer.cpp: In member function ‘bool resf2::soft::Texture::init_from_png(const uint8_t*, std::size_t)’:
/home/runner/work/reSF2/reSF2/engine/renderer/software_renderer.cpp:37:49: warning: use of old-style cast to ‘int’ [-Wold-style-cast]
   37 |     auto* px = stbi_load_from_memory(data, (int)size, &w, &h, &ch, 4);
      |                                                 ^~~~
      |                                            ---------
      |                                            static_cast<int> (size)
/home/runner/work/reSF2/reSF2/engine/renderer/software_renderer.cpp:40:36: warning: use of old-style cast to ‘size_t’ {aka ‘long unsigned int’} [-Wold-style-cast]
   40 |     pixels.assign(px, px + (size_t)w * h * 4);
      |                                    ^
      |                            ---------
      |                            static_cast<size_t> (w)
/home/runner/work/reSF2/reSF2/engine/renderer/software_renderer.cpp: In member function ‘void resf2::soft::Texture::sample(float, float, uint8_t&, uint8_t&, uint8_t&, uint8_t&) const’:
/home/runner/work/reSF2/reSF2/engine/renderer/software_renderer.cpp:50:31: warning: conversion from ‘int’ to ‘float’ may change value [-Wconversion]
   50 |     int x = (int)(u * (width  - 1) + 0.5f);
      |                       ~~~~~~~~^~~~
/home/runner/work/reSF2/reSF2/engine/renderer/software_renderer.cpp:50:42: warning: use of old-style cast to ‘int’ [-Wold-style-cast]
   50 |     int x = (int)(u * (width  - 1) + 0.5f);
      |                                          ^
      |             -----
      |             static_cast<int> (            )
/home/runner/work/reSF2/reSF2/engine/renderer/software_renderer.cpp:51:31: warning: conversion from ‘int’ to ‘float’ may change value [-Wconversion]
   51 |     int y = (int)(v * (height - 1) + 0.5f);
      |                       ~~~~~~~~^~~~
/home/runner/work/reSF2/reSF2/engine/renderer/software_renderer.cpp:51:42: warning: use of old-style cast to ‘int’ [-Wold-style-cast]
   51 |     int y = (int)(v * (height - 1) + 0.5f);
      |                                          ^
      |             -----
      |             static_cast<int> (            )
/home/runner/work/reSF2/reSF2/engine/renderer/software_renderer.cpp:52:46: warning: use of old-style cast to ‘size_t’ {aka ‘long unsigned int’} [-Wold-style-cast]
   52 |     const std::uint8_t* p = &pixels[((size_t)y * width + x) * 4];
      |                                              ^
      |                                      ---------
      |                                      static_cast<size_t> (y)
/home/runner/work/reSF2/reSF2/engine/renderer/software_renderer.cpp: In member function ‘bool resf2::soft::Renderer::init(int, int)’:
/home/runner/work/reSF2/reSF2/engine/renderer/software_renderer.cpp:72:24: warning: use of old-style cast to ‘size_t’ {aka ‘long unsigned int’} [-Wold-style-cast]
   72 |     fb_.assign((size_t)width * height * 4, 0);
      |                        ^~~~~
      |                -------------
      |                static_cast<size_t> (width)
/home/runner/work/reSF2/reSF2/engine/renderer/software_renderer.cpp:73:34: warning: use of old-style cast to ‘float’ [-Wold-style-cast]
   73 |     camera_.view_width  = (float)width;
      |                                  ^~~~~
      |                           ------------
      |                           static_cast<float> (width)
/home/runner/work/reSF2/reSF2/engine/renderer/software_renderer.cpp:74:34: warning: use of old-style cast to ‘float’ [-Wold-style-cast]
   74 |     camera_.view_height = (float)height;
      |                                  ^~~~~~
      |                           -------------
      |                           static_cast<float> (height)
/home/runner/work/reSF2/reSF2/engine/renderer/software_renderer.cpp: In member function ‘void resf2::soft::Renderer::resize(int, int)’:
/home/runner/work/reSF2/reSF2/engine/renderer/software_renderer.cpp:84:24: warning: use of old-style cast to ‘size_t’ {aka ‘long unsigned int’} [-Wold-style-cast]
   84 |     fb_.assign((size_t)width * height * 4, 0);
      |                        ^~~~~
      |                -------------
      |                static_cast<size_t> (width)
/home/runner/work/reSF2/reSF2/engine/renderer/software_renderer.cpp:85:34: warning: use of old-style cast to ‘float’ [-Wold-style-cast]
   85 |     camera_.view_width  = (float)width;
      |                                  ^~~~~
      |                           ------------
      |                           static_cast<float> (width)
/home/runner/work/reSF2/reSF2/engine/renderer/software_renderer.cpp:86:34: warning: use of old-style cast to ‘float’ [-Wold-style-cast]
   86 |     camera_.view_height = (float)height;
      |                                  ^~~~~~
      |                           -------------
      |                           static_cast<float> (height)
/home/runner/work/reSF2/reSF2/engine/renderer/software_renderer.cpp: In member function ‘void resf2::soft::Renderer::begin_frame()’:
/home/runner/work/reSF2/reSF2/engine/renderer/software_renderer.cpp:90:54: warning: use of old-style cast to ‘uint8_t’ {aka ‘unsigned char’} [-Wold-style-cast]
   90 |     std::uint8_t r = (std::uint8_t)(clear_r_ * 255.0f);
      |                                                      ^
      |                      -
      |                      static_cast< -
      |                                   > (                 )
/home/runner/work/reSF2/reSF2/engine/renderer/software_renderer.cpp:91:54: warning: use of old-style cast to ‘uint8_t’ {aka ‘unsigned char’} [-Wold-style-cast]
   91 |     std::uint8_t g = (std::uint8_t)(clear_g_ * 255.0f);
      |                                                      ^
      |                      -
      |                      static_cast< -
      |                                   > (                 )
/home/runner/work/reSF2/reSF2/engine/renderer/software_renderer.cpp:92:54: warning: use of old-style cast to ‘uint8_t’ {aka ‘unsigned char’} [-Wold-style-cast]
   92 |     std::uint8_t b = (std::uint8_t)(clear_b_ * 255.0f);
      |                                                      ^
      |                      -
      |                      static_cast< -
      |                                   > (                 )
/home/runner/work/reSF2/reSF2/engine/renderer/software_renderer.cpp:93:54: warning: use of old-style cast to ‘uint8_t’ {aka ‘unsigned char’} [-Wold-style-cast]
   93 |     std::uint8_t a = (std::uint8_t)(clear_a_ * 255.0f);
      |                                                      ^
      |                      -
      |                      static_cast< -
      |                                   > (                 )
/home/runner/work/reSF2/reSF2/engine/renderer/software_renderer.cpp: In member function ‘void resf2::soft::Renderer::plot_blend(int, int, uint8_t, uint8_t, uint8_t, uint8_t)’:
/home/runner/work/reSF2/reSF2/engine/renderer/software_renderer.cpp:105:25: warning: use of old-style cast to ‘size_t’ {aka ‘long unsigned int’} [-Wold-style-cast]
  105 |     size_t i = ((size_t)y * width_ + x) * 4;
      |                         ^
      |                 ---------
      |                 static_cast<size_t> (y)
/home/runner/work/reSF2/reSF2/engine/renderer/software_renderer.cpp:111:57: warning: use of old-style cast to ‘uint8_t’ {aka ‘unsigned char’} [-Wold-style-cast]
  111 |         fb_[i]   = (std::uint8_t)(r * af + fb_[i]   * of);
      |                                                         ^
      |                    -
      |                    static_cast< -
      |                                 > (                      )
/home/runner/work/reSF2/reSF2/engine/renderer/software_renderer.cpp:112:57: warning: use of old-style cast to ‘uint8_t’ {aka ‘unsigned char’} [-Wold-style-cast]
  112 |         fb_[i+1] = (std::uint8_t)(g * af + fb_[i+1] * of);
      |                                                         ^
      |                    -
      |                    static_cast< -
      |                                 > (                      )
/home/runner/work/reSF2/reSF2/engine/renderer/software_renderer.cpp:113:57: warning: use of old-style cast to ‘uint8_t’ {aka ‘unsigned char’} [-Wold-style-cast]
  113 |         fb_[i+2] = (std::uint8_t)(b * af + fb_[i+2] * of);
      |                                                         ^
      |                    -
      |                    static_cast< -
      |                                 > (                      )
/home/runner/work/reSF2/reSF2/engine/renderer/software_renderer.cpp:114:53: warning: use of old-style cast to ‘uint8_t’ {aka ‘unsigned char’} [-Wold-style-cast]
  114 |         fb_[i+3] = (std::uint8_t)(a  + fb_[i+3] * of);
      |                                                     ^
      |                    -
      |                    static_cast< -
      |                                 > (                  )
/home/runner/work/reSF2/reSF2/engine/renderer/software_renderer.cpp: In member function ‘void resf2::soft::Renderer::draw_textured_quad(const resf2::soft::Texture&, float, float, float, float, float, float, float, float, resf2::soft::Color4B)’:
/home/runner/work/reSF2/reSF2/engine/renderer/software_renderer.cpp:164:50: warning: use of old-style cast to ‘int’ [-Wold-style-cast]
  164 |         int x0 = std::max(0, (int)std::floor(minx));
      |                                                  ^
      |                              -----
      |                              static_cast<int> (   )
/home/runner/work/reSF2/reSF2/engine/renderer/software_renderer.cpp:165:59: warning: use of old-style cast to ‘int’ [-Wold-style-cast]
  165 |         int x1 = std::min(width_  - 1, (int)std::ceil(maxx));
      |                                                           ^
      |                                        -----
      |                                        static_cast<int> (  )
/home/runner/work/reSF2/reSF2/engine/renderer/software_renderer.cpp:166:50: warning: use of old-style cast to ‘int’ [-Wold-style-cast]
  166 |         int y0 = std::max(0, (int)std::floor(miny));
      |                                                  ^
      |                              -----
      |                              static_cast<int> (   )
/home/runner/work/reSF2/reSF2/engine/renderer/software_renderer.cpp:167:59: warning: use of old-style cast to ‘int’ [-Wold-style-cast]
  167 |         int y1 = std::min(height_ - 1, (int)std::ceil(maxy));
      |                                                           ^
      |                                        -----
      |                                        static_cast<int> (  )
/home/runner/work/reSF2/reSF2/engine/renderer/software_renderer.cpp:172:28: warning: conversion from ‘int’ to ‘float’ may change value [-Wconversion]
  172 |                 float fx = px + 0.5f, fy = py + 0.5f;
      |                            ^~
/home/runner/work/reSF2/reSF2/engine/renderer/software_renderer.cpp:172:44: warning: conversion from ‘int’ to ‘float’ may change value [-Wconversion]
  172 |                 float fx = px + 0.5f, fy = py + 0.5f;
      |                                            ^~
/home/runner/work/reSF2/reSF2/engine/renderer/software_renderer.cpp:181:42: warning: use of old-style cast to ‘int’ [-Wold-style-cast]
  181 |                 ta = (std::uint8_t)((int)ta * color.a / 255);
      |                                          ^~
      |                                     -------
      |                                     static_cast<int> (ta)
/home/runner/work/reSF2/reSF2/engine/renderer/software_renderer.cpp:181:60: warning: use of old-style cast to ‘uint8_t’ {aka ‘unsigned char’} [-Wold-style-cast]
  181 |                 ta = (std::uint8_t)((int)ta * color.a / 255);
      |                                                            ^
      |                      -
      |                      static_cast< -
      |                                   > (                       )
/home/runner/work/reSF2/reSF2/engine/renderer/software_renderer.cpp:183:42: warning: use of old-style cast to ‘int’ [-Wold-style-cast]
  183 |                 tr = (std::uint8_t)((int)tr * color.r / 255);
      |                                          ^~
      |                                     -------
      |                                     static_cast<int> (tr)
/home/runner/work/reSF2/reSF2/engine/renderer/software_renderer.cpp:183:60: warning: use of old-style cast to ‘uint8_t’ {aka ‘unsigned char’} [-Wold-style-cast]
  183 |                 tr = (std::uint8_t)((int)tr * color.r / 255);
      |                                                            ^
      |                      -
      |                      static_cast< -
      |                                   > (                       )
/home/runner/work/reSF2/reSF2/engine/renderer/software_renderer.cpp:184:42: warning: use of old-style cast to ‘int’ [-Wold-style-cast]
  184 |                 tg = (std::uint8_t)((int)tg * color.g / 255);
      |                                          ^~
      |                                     -------
      |                                     static_cast<int> (tg)
/home/runner/work/reSF2/reSF2/engine/renderer/software_renderer.cpp:184:60: warning: use of old-style cast to ‘uint8_t’ {aka ‘unsigned char’} [-Wold-style-cast]
  184 |                 tg = (std::uint8_t)((int)tg * color.g / 255);
      |                                                            ^
      |                      -
      |                      static_cast< -
      |                                   > (                       )
/home/runner/work/reSF2/reSF2/engine/renderer/software_renderer.cpp:185:42: warning: use of old-style cast to ‘int’ [-Wold-style-cast]
  185 |                 tb = (std::uint8_t)((int)tb * color.b / 255);
      |                                          ^~
      |                                     -------
      |                                     static_cast<int> (tb)
/home/runner/work/reSF2/reSF2/engine/renderer/software_renderer.cpp:185:60: warning: use of old-style cast to ‘uint8_t’ {aka ‘unsigned char’} [-Wold-style-cast]
  185 |                 tb = (std::uint8_t)((int)tb * color.b / 255);
      |                                                            ^
      |                      -
      |                      static_cast< -
      |                                   > (                       )
/home/runner/work/reSF2/reSF2/engine/renderer/software_renderer.cpp: In member function ‘void resf2::soft::Renderer::draw_textured_quad_screen(const resf2::soft::Texture&, float, float, float, float, float, float, float, float, resf2::soft::Color4B)’:
/home/runner/work/reSF2/reSF2/engine/renderer/software_renderer.cpp:222:50: warning: use of old-style cast to ‘int’ [-Wold-style-cast]
  222 |         int x0 = std::max(0, (int)std::floor(minx));
      |                                                  ^
      |                              -----
      |                              static_cast<int> (   )
/home/runner/work/reSF2/reSF2/engine/renderer/software_renderer.cpp:223:59: warning: use of old-style cast to ‘int’ [-Wold-style-cast]
  223 |         int x1 = std::min(width_  - 1, (int)std::ceil(maxx));
      |                                                           ^
      |                                        -----
      |                                        static_cast<int> (  )
/home/runner/work/reSF2/reSF2/engine/renderer/software_renderer.cpp:224:50: warning: use of old-style cast to ‘int’ [-Wold-style-cast]
  224 |         int y0 = std::max(0, (int)std::floor(miny));
      |                                                  ^
      |                              -----
      |                              static_cast<int> (   )
/home/runner/work/reSF2/reSF2/engine/renderer/software_renderer.cpp:225:59: warning: use of old-style cast to ‘int’ [-Wold-style-cast]
  225 |         int y1 = std::min(height_ - 1, (int)std::ceil(maxy));
      |                                                           ^
      |                                        -----
      |                                        static_cast<int> (  )
/home/runner/work/reSF2/reSF2/engine/renderer/software_renderer.cpp:230:28: warning: conversion from ‘int’ to ‘float’ may change value [-Wconversion]
  230 |                 float fx = px + 0.5f, fy = py + 0.5f;
      |                            ^~
/home/runner/work/reSF2/reSF2/engine/renderer/software_renderer.cpp:230:44: warning: conversion from ‘int’ to ‘float’ may change value [-Wconversion]
  230 |                 float fx = px + 0.5f, fy = py + 0.5f;
      |                                            ^~
/home/runner/work/reSF2/reSF2/engine/renderer/software_renderer.cpp:239:42: warning: use of old-style cast to ‘int’ [-Wold-style-cast]
  239 |                 ta = (std::uint8_t)((int)ta * color.a / 255);
      |                                          ^~
      |                                     -------
      |                                     static_cast<int> (ta)
/home/runner/work/reSF2/reSF2/engine/renderer/software_renderer.cpp:239:60: warning: use of old-style cast to ‘uint8_t’ {aka ‘unsigned char’} [-Wold-style-cast]
  239 |                 ta = (std::uint8_t)((int)ta * color.a / 255);
      |                                                            ^
      |                      -
      |                      static_cast< -
      |                                   > (                       )
/home/runner/work/reSF2/reSF2/engine/renderer/software_renderer.cpp:241:42: warning: use of old-style cast to ‘int’ [-Wold-style-cast]
  241 |                 tr = (std::uint8_t)((int)tr * color.r / 255);
      |                                          ^~
      |                                     -------
      |                                     static_cast<int> (tr)
/home/runner/work/reSF2/reSF2/engine/renderer/software_renderer.cpp:241:60: warning: use of old-style cast to ‘uint8_t’ {aka ‘unsigned char’} [-Wold-style-cast]
  241 |                 tr = (std::uint8_t)((int)tr * color.r / 255);
      |                                                            ^
      |                      -
      |                      static_cast< -
      |                                   > (                       )
/home/runner/work/reSF2/reSF2/engine/renderer/software_renderer.cpp:242:42: warning: use of old-style cast to ‘int’ [-Wold-style-cast]
  242 |                 tg = (std::uint8_t)((int)tg * color.g / 255);
      |                                          ^~
      |                                     -------
      |                                     static_cast<int> (tg)
/home/runner/work/reSF2/reSF2/engine/renderer/software_renderer.cpp:242:60: warning: use of old-style cast to ‘uint8_t’ {aka ‘unsigned char’} [-Wold-style-cast]
  242 |                 tg = (std::uint8_t)((int)tg * color.g / 255);
      |                                                            ^
      |                      -
      |                      static_cast< -
      |                                   > (                       )
/home/runner/work/reSF2/reSF2/engine/renderer/software_renderer.cpp:243:42: warning: use of old-style cast to ‘int’ [-Wold-style-cast]
  243 |                 tb = (std::uint8_t)((int)tb * color.b / 255);
      |                                          ^~
      |                                     -------
      |                                     static_cast<int> (tb)
/home/runner/work/reSF2/reSF2/engine/renderer/software_renderer.cpp:243:60: warning: use of old-style cast to ‘uint8_t’ {aka ‘unsigned char’} [-Wold-style-cast]
  243 |                 tb = (std::uint8_t)((int)tb * color.b / 255);
      |                                                            ^
      |                      -
      |                      static_cast< -
      |                                   > (                       )
/home/runner/work/reSF2/reSF2/engine/renderer/software_renderer.cpp: In member function ‘void resf2::soft::Renderer::draw_filled_rect_screen(float, float, float, float, resf2::soft::Color4B)’:
/home/runner/work/reSF2/reSF2/engine/renderer/software_renderer.cpp:252:43: warning: use of old-style cast to ‘int’ [-Wold-style-cast]
  252 |     int x0 = std::max(0, (int)std::floor(x));
      |                                           ^
      |                          -----
      |                          static_cast<int> ()
/home/runner/work/reSF2/reSF2/engine/renderer/software_renderer.cpp:253:43: warning: use of old-style cast to ‘int’ [-Wold-style-cast]
  253 |     int y0 = std::max(0, (int)std::floor(y));
      |                                           ^
      |                          -----
      |                          static_cast<int> ()
/home/runner/work/reSF2/reSF2/engine/renderer/software_renderer.cpp:254:57: warning: use of old-style cast to ‘int’ [-Wold-style-cast]
  254 |     int x1 = std::min(width_  - 1, (int)std::floor(x + w));
      |                                                         ^
      |                                    -----
      |                                    static_cast<int> (    )
/home/runner/work/reSF2/reSF2/engine/renderer/software_renderer.cpp:255:57: warning: use of old-style cast to ‘int’ [-Wold-style-cast]
  255 |     int y1 = std::min(height_ - 1, (int)std::floor(y + h));
      |                                                         ^
      |                                    -----
      |                                    static_cast<int> (    )
/home/runner/work/reSF2/reSF2/engine/renderer/software_renderer.cpp: In member function ‘void resf2::soft::Renderer::draw_filled_circle_screen(float, float, float, resf2::soft::Color4B)’:
/home/runner/work/reSF2/reSF2/engine/renderer/software_renderer.cpp:263:34: warning: use of old-style cast to ‘int’ [-Wold-style-cast]
  263 |     int r = (int)std::ceil(radius);
      |                                  ^
      |             -----
      |             static_cast<int> (    )
/home/runner/work/reSF2/reSF2/engine/renderer/software_renderer.cpp:264:47: warning: conversion from ‘int’ to ‘float’ may change value [-Wconversion]
  264 |     int x0 = std::max(0, (int)std::floor(cx - r));
      |                                               ^
/home/runner/work/reSF2/reSF2/engine/renderer/software_renderer.cpp:264:48: warning: use of old-style cast to ‘int’ [-Wold-style-cast]
  264 |     int x0 = std::max(0, (int)std::floor(cx - r));
      |                                                ^
      |                          -----
      |                          static_cast<int> (     )
/home/runner/work/reSF2/reSF2/engine/renderer/software_renderer.cpp:265:56: warning: conversion from ‘int’ to ‘float’ may change value [-Wconversion]
  265 |     int x1 = std::min(width_  - 1, (int)std::ceil(cx + r));
      |                                                        ^
/home/runner/work/reSF2/reSF2/engine/renderer/software_renderer.cpp:265:57: warning: use of old-style cast to ‘int’ [-Wold-style-cast]
  265 |     int x1 = std::min(width_  - 1, (int)std::ceil(cx + r));
      |                                                         ^
      |                                    -----
      |                                    static_cast<int> (    )
/home/runner/work/reSF2/reSF2/engine/renderer/software_renderer.cpp:266:47: warning: conversion from ‘int’ to ‘float’ may change value [-Wconversion]
  266 |     int y0 = std::max(0, (int)std::floor(cy - r));
      |                                               ^
/home/runner/work/reSF2/reSF2/engine/renderer/software_renderer.cpp:266:48: warning: use of old-style cast to ‘int’ [-Wold-style-cast]
  266 |     int y0 = std::max(0, (int)std::floor(cy - r));
      |                                                ^
      |                          -----
      |                          static_cast<int> (     )
/home/runner/work/reSF2/reSF2/engine/renderer/software_renderer.cpp:267:56: warning: conversion from ‘int’ to ‘float’ may change value [-Wconversion]
  267 |     int y1 = std::min(height_ - 1, (int)std::ceil(cy + r));
      |                                                        ^
/home/runner/work/reSF2/reSF2/engine/renderer/software_renderer.cpp:267:57: warning: use of old-style cast to ‘int’ [-Wold-style-cast]
  267 |     int y1 = std::min(height_ - 1, (int)std::ceil(cy + r));
      |                                                         ^
      |                                    -----
      |                                    static_cast<int> (    )
/home/runner/work/reSF2/reSF2/engine/renderer/software_renderer.cpp:271:24: warning: conversion from ‘int’ to ‘float’ may change value [-Wconversion]
  271 |             float dx = px + 0.5f - cx;
      |                        ^~
/home/runner/work/reSF2/reSF2/engine/renderer/software_renderer.cpp:272:24: warning: conversion from ‘int’ to ‘float’ may change value [-Wconversion]
  272 |             float dy = py + 0.5f - cy;
      |                        ^~
/home/runner/work/reSF2/reSF2/engine/renderer/software_renderer.cpp: In member function ‘void resf2::soft::Renderer::draw_line_screen_thick(float, float, float, float, resf2::soft::Color4B, float)’:
/home/runner/work/reSF2/reSF2/engine/renderer/software_renderer.cpp:291:48: warning: use of old-style cast to ‘int’ [-Wold-style-cast]
  291 |         int r = (int)std::ceil(thickness * 0.5f);
      |                                                ^
      |                 -----
      |                 static_cast<int> (              )
/home/runner/work/reSF2/reSF2/engine/renderer/software_renderer.cpp:292:28: warning: use of old-style cast to ‘int’ [-Wold-style-cast]
  292 |         for (int py = (int)y0 - r; py <= (int)y0 + r; ++py)
      |                            ^~
      |                       -------
      |                       static_cast<int> (y0)
/home/runner/work/reSF2/reSF2/engine/renderer/software_renderer.cpp:292:47: warning: use of old-style cast to ‘int’ [-Wold-style-cast]
  292 |         for (int py = (int)y0 - r; py <= (int)y0 + r; ++py)
      |                                               ^~
      |                                          -------
      |                                          static_cast<int> (y0)
/home/runner/work/reSF2/reSF2/engine/renderer/software_renderer.cpp:293:32: warning: use of old-style cast to ‘int’ [-Wold-style-cast]
  293 |             for (int px = (int)x0 - r; px <= (int)x0 + r; ++px) {
      |                                ^~
      |                           -------
      |                           static_cast<int> (x0)
/home/runner/work/reSF2/reSF2/engine/renderer/software_renderer.cpp:293:51: warning: use of old-style cast to ‘int’ [-Wold-style-cast]
  293 |             for (int px = (int)x0 - r; px <= (int)x0 + r; ++px) {
      |                                                   ^~
      |                                              -------
      |                                              static_cast<int> (x0)
/home/runner/work/reSF2/reSF2/engine/renderer/software_renderer.cpp:294:29: warning: conversion from ‘int’ to ‘float’ may change value [-Wconversion]
  294 |                 float ddx = px + 0.5f - x0, ddy = py + 0.5f - y0;
      |                             ^~
/home/runner/work/reSF2/reSF2/engine/renderer/software_renderer.cpp:294:51: warning: conversion from ‘int’ to ‘float’ may change value [-Wconversion]
  294 |                 float ddx = px + 0.5f - x0, ddy = py + 0.5f - y0;
      |                                                   ^~
/home/runner/work/reSF2/reSF2/engine/renderer/software_renderer.cpp:313:47: warning: use of old-style cast to ‘int’ [-Wold-style-cast]
  313 |     int x0i = std::max(0, (int)std::floor(minx));
      |                                               ^
      |                           -----
      |                           static_cast<int> (   )
/home/runner/work/reSF2/reSF2/engine/renderer/software_renderer.cpp:314:56: warning: use of old-style cast to ‘int’ [-Wold-style-cast]
  314 |     int x1i = std::min(width_  - 1, (int)std::ceil(maxx));
      |                                                        ^
      |                                     -----
      |                                     static_cast<int> (  )
/home/runner/work/reSF2/reSF2/engine/renderer/software_renderer.cpp:315:47: warning: use of old-style cast to ‘int’ [-Wold-style-cast]
  315 |     int y0i = std::max(0, (int)std::floor(miny));
      |                                               ^
      |                           -----
      |                           static_cast<int> (   )
/home/runner/work/reSF2/reSF2/engine/renderer/software_renderer.cpp:316:56: warning: use of old-style cast to ‘int’ [-Wold-style-cast]
  316 |     int y1i = std::min(height_ - 1, (int)std::ceil(maxy));
      |                                                        ^
      |                                     -----
      |                                     static_cast<int> (  )
/home/runner/work/reSF2/reSF2/engine/renderer/software_renderer.cpp:321:24: warning: conversion from ‘int’ to ‘float’ may change value [-Wconversion]
  321 |             float fx = px + 0.5f - x0, fy = py + 0.5f - y0;
      |                        ^~
/home/runner/work/reSF2/reSF2/engine/renderer/software_renderer.cpp:321:45: warning: conversion from ‘int’ to ‘float’ may change value [-Wconversion]
  321 |             float fx = px + 0.5f - x0, fy = py + 0.5f - y0;
      |                                             ^~
[25/55] Building CXX object engine/renderer/CMakeFiles/resf2_renderer.dir/renderer.cpp.o
FAILED: [code=1] engine/renderer/CMakeFiles/resf2_renderer.dir/renderer.cpp.o 
/usr/bin/c++  -I/home/runner/work/reSF2/reSF2/engine/renderer/.. -O3 -DNDEBUG -std=c++23 -Wall -Wextra -Wpedantic -Wshadow -Wnon-virtual-dtor -Wold-style-cast -Wcast-align -Woverloaded-virtual -Wconversion -Wnull-dereference -Wdouble-promotion -Wformat=2 -Wimplicit-fallthrough -MD -MT engine/renderer/CMakeFiles/resf2_renderer.dir/renderer.cpp.o -MF engine/renderer/CMakeFiles/resf2_renderer.dir/renderer.cpp.o.d -o engine/renderer/CMakeFiles/resf2_renderer.dir/renderer.cpp.o -c /home/runner/work/reSF2/reSF2/engine/renderer/renderer.cpp
/home/runner/work/reSF2/reSF2/engine/renderer/renderer.cpp: In member function ‘bool resf2::renderer::Texture2D::init_from_png(const uint8_t*, std::size_t)’:
/home/runner/work/reSF2/reSF2/engine/renderer/renderer.cpp:42:56: warning: use of old-style cast to ‘int’ [-Wold-style-cast]
   42 |     stbi_uc* pixels = stbi_load_from_memory(data, (int)size, &w, &h, &channels, 4);
      |                                                        ^~~~
      |                                                   ---------
      |                                                   static_cast<int> (size)
/home/runner/work/reSF2/reSF2/engine/renderer/renderer.cpp: In destructor ‘resf2::renderer::ShaderProgram::~ShaderProgram()’:
/home/runner/work/reSF2/reSF2/engine/renderer/renderer.cpp:57:21: error: ‘glUseProgram’ was not declared in this scope
   57 |     if (program_) { glUseProgram(0); glDeleteProgram(program_); }
      |                     ^~~~~~~~~~~~
/home/runner/work/reSF2/reSF2/engine/renderer/renderer.cpp:57:38: error: ‘glDeleteProgram’ was not declared in this scope
   57 |     if (program_) { glUseProgram(0); glDeleteProgram(program_); }
      |                                      ^~~~~~~~~~~~~~~
/home/runner/work/reSF2/reSF2/engine/renderer/renderer.cpp:58:25: error: ‘glDeleteShader’ was not declared in this scope
   58 |     if (vertex_shader_) glDeleteShader(vertex_shader_);
      |                         ^~~~~~~~~~~~~~
/home/runner/work/reSF2/reSF2/engine/renderer/renderer.cpp:59:27: error: ‘glDeleteShader’ was not declared in this scope
   59 |     if (fragment_shader_) glDeleteShader(fragment_shader_);
      |                           ^~~~~~~~~~~~~~
/home/runner/work/reSF2/reSF2/engine/renderer/renderer.cpp: In function ‘unsigned int resf2::renderer::compile_shader(unsigned int, const std::string&)’:
/home/runner/work/reSF2/reSF2/engine/renderer/renderer.cpp:63:27: error: ‘glCreateShader’ was not declared in this scope
   63 |     unsigned int shader = glCreateShader(type);
      |                           ^~~~~~~~~~~~~~
/home/runner/work/reSF2/reSF2/engine/renderer/renderer.cpp:65:54: warning: use of old-style cast to ‘const GLchar* const*’ {aka ‘const char* const*’} [-Wold-style-cast]
   65 |     glShaderSource(shader, 1, (const GLchar* const*)&p, nullptr);
      |                                                      ^
      |                               -
      |                               const_cast<          -
      |                                                    > ()
/home/runner/work/reSF2/reSF2/engine/renderer/renderer.cpp:65:5: error: ‘glShaderSource’ was not declared in this scope
   65 |     glShaderSource(shader, 1, (const GLchar* const*)&p, nullptr);
      |     ^~~~~~~~~~~~~~
/home/runner/work/reSF2/reSF2/engine/renderer/renderer.cpp:66:5: error: ‘glCompileShader’ was not declared in this scope; did you mean ‘compile_shader’?
   66 |     glCompileShader(shader);
      |     ^~~~~~~~~~~~~~~
      |     compile_shader
/home/runner/work/reSF2/reSF2/engine/renderer/renderer.cpp:67:17: error: ‘glGetShaderiv’ was not declared in this scope
   67 |     int ok = 0; glGetShaderiv(shader, GL_COMPILE_STATUS, &ok);
      |                 ^~~~~~~~~~~~~
/home/runner/work/reSF2/reSF2/engine/renderer/renderer.cpp:69:25: error: ‘glGetShaderInfoLog’ was not declared in this scope
   69 |         char log[1024]; glGetShaderInfoLog(shader, 1024, nullptr, log);
      |                         ^~~~~~~~~~~~~~~~~~
/home/runner/work/reSF2/reSF2/engine/renderer/renderer.cpp:71:9: error: ‘glDeleteShader’ was not declared in this scope
   71 |         glDeleteShader(shader); return 0;
      |         ^~~~~~~~~~~~~~
/home/runner/work/reSF2/reSF2/engine/renderer/renderer.cpp: In member function ‘bool resf2::renderer::ShaderProgram::init(const std::string&, const std::string&)’:
/home/runner/work/reSF2/reSF2/engine/renderer/renderer.cpp:82:16: error: ‘glCreateProgram’ was not declared in this scope
   82 |     program_ = glCreateProgram();
      |                ^~~~~~~~~~~~~~~
/home/runner/work/reSF2/reSF2/engine/renderer/renderer.cpp:83:5: error: ‘glAttachShader’ was not declared in this scope
   83 |     glAttachShader(program_, vertex_shader_);
      |     ^~~~~~~~~~~~~~
/home/runner/work/reSF2/reSF2/engine/renderer/renderer.cpp:85:5: error: ‘glLinkProgram’ was not declared in this scope; did you mean ‘glHistogram’?
   85 |     glLinkProgram(program_);
      |     ^~~~~~~~~~~~~
      |     glHistogram
/home/runner/work/reSF2/reSF2/engine/renderer/renderer.cpp:86:17: error: ‘glGetProgramiv’ was not declared in this scope
   86 |     int ok = 0; glGetProgramiv(program_, GL_LINK_STATUS, &ok);
      |                 ^~~~~~~~~~~~~~
/home/runner/work/reSF2/reSF2/engine/renderer/renderer.cpp:87:32: error: ‘glGetProgramInfoLog’ was not declared in this scope
   87 |     if (!ok) { char log[1024]; glGetProgramInfoLog(program_, 1024, nullptr, log); std::fprintf(stderr, "Link error: %s\n", log); return false; }
      |                                ^~~~~~~~~~~~~~~~~~~
/home/runner/work/reSF2/reSF2/engine/renderer/renderer.cpp: In member function ‘void resf2::renderer::ShaderProgram::use() const’:
/home/runner/work/reSF2/reSF2/engine/renderer/renderer.cpp:91:35: error: ‘glUseProgram’ was not declared in this scope
   91 | void ShaderProgram::use() const { glUseProgram(program_); }
      |                                   ^~~~~~~~~~~~
/home/runner/work/reSF2/reSF2/engine/renderer/renderer.cpp: In member function ‘void resf2::renderer::ShaderProgram::set_uniform_mat4(const char*, const resf2::renderer::Mat4&) const’:
/home/runner/work/reSF2/reSF2/engine/renderer/renderer.cpp:92:84: error: ‘glGetUniformLocation’ was not declared in this scope
   92 | void ShaderProgram::set_uniform_mat4(const char* n, const Mat4& m) const { int l = glGetUniformLocation(program_, n); if (l >= 0) glUniformMatrix4fv(l, 1, GL_FALSE, m.m); }
      |                                                                                    ^~~~~~~~~~~~~~~~~~~~
/home/runner/work/reSF2/reSF2/engine/renderer/renderer.cpp:92:131: error: ‘glUniformMatrix4fv’ was not declared in this scope
   92 | void ShaderProgram::set_uniform_mat4(const char* n, const Mat4& m) const { int l = glGetUniformLocation(program_, n); if (l >= 0) glUniformMatrix4fv(l, 1, GL_FALSE, m.m); }
      |                                                                                                                                   ^~~~~~~~~~~~~~~~~~
/home/runner/work/reSF2/reSF2/engine/renderer/renderer.cpp: In member function ‘void resf2::renderer::ShaderProgram::set_uniform_1i(const char*, int) const’:
/home/runner/work/reSF2/reSF2/engine/renderer/renderer.cpp:93:74: error: ‘glGetUniformLocation’ was not declared in this scope
   93 | void ShaderProgram::set_uniform_1i(const char* n, int v) const { int l = glGetUniformLocation(program_, n); if (l >= 0) glUniform1i(l, v); }
      |                                                                          ^~~~~~~~~~~~~~~~~~~~
/home/runner/work/reSF2/reSF2/engine/renderer/renderer.cpp:93:121: error: ‘glUniform1i’ was not declared in this scope
   93 | void ShaderProgram::set_uniform_1i(const char* n, int v) const { int l = glGetUniformLocation(program_, n); if (l >= 0) glUniform1i(l, v); }
      |                                                                                                                         ^~~~~~~~~~~
/home/runner/work/reSF2/reSF2/engine/renderer/renderer.cpp: In member function ‘void resf2::renderer::ShaderProgram::set_uniform_4f(const char*, float, float, float, float) const’:
/home/runner/work/reSF2/reSF2/engine/renderer/renderer.cpp:94:103: error: ‘glGetUniformLocation’ was not declared in this scope
   94 | void ShaderProgram::set_uniform_4f(const char* n, float x, float y, float z, float w) const { int l = glGetUniformLocation(program_, n); if (l >= 0) glUniform4f(l, x, y, z, w); }
      |                                                                                                       ^~~~~~~~~~~~~~~~~~~~
/home/runner/work/reSF2/reSF2/engine/renderer/renderer.cpp:94:150: error: ‘glUniform4f’ was not declared in this scope
   94 | void ShaderProgram::set_uniform_4f(const char* n, float x, float y, float z, float w) const { int l = glGetUniformLocation(program_, n); if (l >= 0) glUniform4f(l, x, y, z, w); }
      |                                                                                                                                                      ^~~~~~~~~~~
/home/runner/work/reSF2/reSF2/engine/renderer/renderer.cpp: In member function ‘void resf2::renderer::ShaderProgram::set_uniform_1f(const char*, float) const’:
/home/runner/work/reSF2/reSF2/engine/renderer/renderer.cpp:95:76: error: ‘glGetUniformLocation’ was not declared in this scope
   95 | void ShaderProgram::set_uniform_1f(const char* n, float v) const { int l = glGetUniformLocation(program_, n); if (l >= 0) glUniform1f(l, v); }
      |                                                                            ^~~~~~~~~~~~~~~~~~~~
/home/runner/work/reSF2/reSF2/engine/renderer/renderer.cpp:95:123: error: ‘glUniform1f’ was not declared in this scope
   95 | void ShaderProgram::set_uniform_1f(const char* n, float v) const { int l = glGetUniformLocation(program_, n); if (l >= 0) glUniform1f(l, v); }
      |                                                                                                                           ^~~~~~~~~~~
/home/runner/work/reSF2/reSF2/engine/renderer/renderer.cpp: In destructor ‘resf2::renderer::SpriteBatch::~SpriteBatch()’:
/home/runner/work/reSF2/reSF2/engine/renderer/renderer.cpp:99:41: error: ‘glDeleteBuffers’ was not declared in this scope; did you mean ‘glSelectBuffer’?
   99 | SpriteBatch::~SpriteBatch() { if (vbo_) glDeleteBuffers(1, &vbo_); }
      |                                         ^~~~~~~~~~~~~~~
      |                                         glSelectBuffer
/home/runner/work/reSF2/reSF2/engine/renderer/renderer.cpp: In member function ‘bool resf2::renderer::SpriteBatch::init()’:
/home/runner/work/reSF2/reSF2/engine/renderer/renderer.cpp:101:49: error: ‘glGenBuffers’ was not declared in this scope; did you mean ‘glReadBuffer’?
  101 | bool SpriteBatch::init() { init_gl_functions(); glGenBuffers(1, &vbo_); vertices_.reserve(kMaxVertices); return vbo_ != 0; }
      |                                                 ^~~~~~~~~~~~
      |                                                 glReadBuffer
/home/runner/work/reSF2/reSF2/engine/renderer/renderer.cpp: In member function ‘void resf2::renderer::SpriteBatch::flush()’:
/home/runner/work/reSF2/reSF2/engine/renderer/renderer.cpp:154:5: error: ‘glBindBuffer’ was not declared in this scope; did you mean ‘glReadBuffer’?
  154 |     glBindBuffer(GL_ARRAY_BUFFER, vbo_);
      |     ^~~~~~~~~~~~
      |     glReadBuffer
/home/runner/work/reSF2/reSF2/engine/renderer/renderer.cpp:155:5: error: ‘glBufferData’ was not declared in this scope
  155 |     glBufferData(GL_ARRAY_BUFFER, vertices_.size() * sizeof(SpriteVertex), vertices_.data(), GL_DYNAMIC_DRAW);
      |     ^~~~~~~~~~~~
/home/runner/work/reSF2/reSF2/engine/renderer/renderer.cpp:156:5: error: ‘glEnableVertexAttribArray’ was not declared in this scope
  156 |     glEnableVertexAttribArray(0);
      |     ^~~~~~~~~~~~~~~~~~~~~~~~~
/home/runner/work/reSF2/reSF2/engine/renderer/renderer.cpp:157:5: error: ‘glVertexAttribPointer’ was not declared in this scope; did you mean ‘glVertexPointer’?
  157 |     glVertexAttribPointer(0, 2, GL_FLOAT, GL_FALSE, sizeof(SpriteVertex), (void*)offsetof(SpriteVertex, x));
      |     ^~~~~~~~~~~~~~~~~~~~~
      |     glVertexPointer
/home/runner/work/reSF2/reSF2/engine/renderer/renderer.cpp:162:55: warning: use of old-style cast to ‘int’ [-Wold-style-cast]
  162 |     glDrawArrays(GL_TRIANGLES, 0, (int)vertices_.size());
      |                                                       ^
      |                                   -----
      |                                   static_cast<int> (   )
/home/runner/work/reSF2/reSF2/engine/renderer/renderer.cpp:163:5: error: ‘glDisableVertexAttribArray’ was not declared in this scope
  163 |     glDisableVertexAttribArray(0); glDisableVertexAttribArray(1); glDisableVertexAttribArray(2);
      |     ^~~~~~~~~~~~~~~~~~~~~~~~~~
/home/runner/work/reSF2/reSF2/engine/renderer/renderer.cpp: In member function ‘void resf2::renderer::Camera2D::update(uint32_t)’:
/home/runner/work/reSF2/reSF2/engine/renderer/renderer.cpp:173:16: warning: conversion from ‘uint32_t’ {aka ‘unsigned int’} to ‘float’ may change value [-Wconversion]
  173 |     float dt = dt_ms / 1000.0f;
      |                ^~~~~
/home/runner/work/reSF2/reSF2/engine/renderer/renderer.cpp: In member function ‘resf2::renderer::Mat4 resf2::renderer::Camera2D::view_projection() const’:
/home/runner/work/reSF2/reSF2/engine/renderer/renderer.cpp:183:26: warning: use of old-style cast to ‘float’ [-Wold-style-cast]
  183 |         float t = (float)shake_elapsed_ / shake_duration_, d = 1.0f - t;
      |                          ^~~~~~~~~~~~~~
      |                   -------
      |                   static_cast<float> ( )
/home/runner/work/reSF2/reSF2/engine/renderer/renderer.cpp:183:43: warning: conversion from ‘unsigned int’ to ‘float’ may change value [-Wconversion]
  183 |         float t = (float)shake_elapsed_ / shake_duration_, d = 1.0f - t;
      |                                           ^~~~~~~~~~~~~~~
/home/runner/work/reSF2/reSF2/engine/renderer/renderer.cpp:184:27: warning: use of old-style cast to ‘float’ [-Wold-style-cast]
  184 |         sx = ((float)rand() / RAND_MAX - 0.5f) * shake_amplitude_ * d * 2;
      |                           ^
      |               -------------
      |               static_cast<float> (rand())
/home/runner/work/reSF2/reSF2/engine/renderer/renderer.cpp:184:31: warning: conversion from ‘int’ to ‘float’ changes value from ‘2147483647’ to ‘2.14748365e+9f’ [-Wfloat-conversion]
  184 |         sx = ((float)rand() / RAND_MAX - 0.5f) * shake_amplitude_ * d * 2;
      |                               ^~~~~~~~
/home/runner/work/reSF2/reSF2/engine/renderer/renderer.cpp:185:27: warning: use of old-style cast to ‘float’ [-Wold-style-cast]
  185 |         sy = ((float)rand() / RAND_MAX - 0.5f) * shake_amplitude_ * d * 2;
      |                           ^
      |               -------------
      |               static_cast<float> (rand())
/home/runner/work/reSF2/reSF2/engine/renderer/renderer.cpp:185:31: warning: conversion from ‘int’ to ‘float’ changes value from ‘2147483647’ to ‘2.14748365e+9f’ [-Wfloat-conversion]
  185 |         sy = ((float)rand() / RAND_MAX - 0.5f) * shake_amplitude_ * d * 2;
      |                               ^~~~~~~~
/home/runner/work/reSF2/reSF2/engine/renderer/renderer.cpp: In member function ‘bool resf2::renderer::Renderer::init(int, int)’:
/home/runner/work/reSF2/reSF2/engine/renderer/renderer.cpp:224:31: warning: use of old-style cast to ‘float’ [-Wold-style-cast]
  224 |     camera_ = Camera2D((float)w, (float)h);
      |                               ^
      |                        --------
      |                        static_cast<float> (w)
/home/runner/work/reSF2/reSF2/engine/renderer/renderer.cpp:224:41: warning: use of old-style cast to ‘float’ [-Wold-style-cast]
  224 |     camera_ = Camera2D((float)w, (float)h);
      |                                         ^
      |                                  --------
      |                                  static_cast<float> (h)
/home/runner/work/reSF2/reSF2/engine/renderer/renderer.cpp:225:31: warning: use of old-style cast to ‘float’ [-Wold-style-cast]
  225 |     camera_.set_target((float)w / 2, (float)h / 2);
      |                               ^
      |                        --------
      |                        static_cast<float> (w)
/home/runner/work/reSF2/reSF2/engine/renderer/renderer.cpp:225:45: warning: use of old-style cast to ‘float’ [-Wold-style-cast]
  225 |     camera_.set_target((float)w / 2, (float)h / 2);
      |                                             ^
      |                                      --------
      |                                      static_cast<float> (h)
/home/runner/work/reSF2/reSF2/engine/renderer/renderer.cpp: In member function ‘void resf2::renderer::Renderer::resize(int, int)’:
/home/runner/work/reSF2/reSF2/engine/renderer/renderer.cpp:240:31: warning: use of old-style cast to ‘float’ [-Wold-style-cast]
  240 |     camera_ = Camera2D((float)w, (float)h);
      |                               ^
      |                        --------
      |                        static_cast<float> (w)
/home/runner/work/reSF2/reSF2/engine/renderer/renderer.cpp:240:41: warning: use of old-style cast to ‘float’ [-Wold-style-cast]
  240 |     camera_ = Camera2D((float)w, (float)h);
      |                                         ^
      |                                  --------
      |                                  static_cast<float> (h)
/home/runner/work/reSF2/reSF2/engine/renderer/renderer.cpp:241:31: warning: use of old-style cast to ‘float’ [-Wold-style-cast]
  241 |     camera_.set_target((float)w / 2, (float)h / 2);
      |                               ^
      |                        --------
      |                        static_cast<float> (w)
/home/runner/work/reSF2/reSF2/engine/renderer/renderer.cpp:241:45: warning: use of old-style cast to ‘float’ [-Wold-style-cast]
  241 |     camera_.set_target((float)w / 2, (float)h / 2);
      |                                             ^
      |                                      --------
      |                                      static_cast<float> (h)
/home/runner/work/reSF2/reSF2/engine/renderer/renderer.cpp: In function ‘resf2::renderer::Mat4 resf2::renderer::screen_proj(int, int)’:
/home/runner/work/reSF2/reSF2/engine/renderer/renderer.cpp:262:37: warning: use of old-style cast to ‘float’ [-Wold-style-cast]
  262 |     return Mat4::ortho(0.0f, (float)w, (float)h, 0.0f, -1.0f, 1.0f);
      |                                     ^
      |                              --------
      |                              static_cast<float> (w)
/home/runner/work/reSF2/reSF2/engine/renderer/renderer.cpp:262:47: warning: use of old-style cast to ‘float’ [-Wold-style-cast]
  262 |     return Mat4::ortho(0.0f, (float)w, (float)h, 0.0f, -1.0f, 1.0f);
      |                                               ^
      |                                        --------
      |                                        static_cast<float> (h)
/home/runner/work/reSF2/reSF2/engine/renderer/renderer.cpp: In member function ‘void resf2::renderer::Renderer::draw_filled_circle_screen(float, float, float, resf2::renderer::Color4B)’:
/home/runner/work/reSF2/reSF2/engine/renderer/renderer.cpp:310:20: warning: conversion from ‘int’ to ‘float’ may change value [-Wconversion]
  310 |         float a0 = i * step, a1 = (i + 1) * step;
      |                    ^
/home/runner/work/reSF2/reSF2/engine/renderer/renderer.cpp:310:38: warning: conversion from ‘int’ to ‘float’ may change value [-Wconversion]
  310 |         float a0 = i * step, a1 = (i + 1) * step;
      |                                   ~~~^~~~
/home/runner/work/reSF2/reSF2/engine/renderer/renderer.cpp: In member function ‘void resf2::renderer::Renderer::draw_filled_circle_world(float, float, float, resf2::renderer::Color4B)’:
/home/runner/work/reSF2/reSF2/engine/renderer/renderer.cpp:325:20: warning: conversion from ‘int’ to ‘float’ may change value [-Wconversion]
  325 |         float a0 = i * step, a1 = (i + 1) * step;
      |                    ^
/home/runner/work/reSF2/reSF2/engine/renderer/renderer.cpp:325:38: warning: conversion from ‘int’ to ‘float’ may change value [-Wconversion]
  325 |         float a0 = i * step, a1 = (i + 1) * step;
      |                                   ~~~^~~~
/home/runner/work/reSF2/reSF2/engine/renderer/renderer.cpp: In member function ‘void resf2::renderer::Renderer::draw_line_screen(float, float, float, float, resf2::renderer::Color4B)’:
/home/runner/work/reSF2/reSF2/engine/renderer/renderer.cpp:350:26: error: no matching function for call to ‘min(<brace-enclosed initializer list>)’
  350 |     float minx = std::min({corners[0][0], corners[1][0], corners[2][0], corners[3][0]});
      |                  ~~~~~~~~^~~~~~~~~~~~~~~~~~~~~~~~~~~~~~~~~~~~~~~~~~~~~~~~~~~~~~~~~~~~~~
In file included from /usr/include/c++/13/bits/stl_uninitialized.h:63,
                 from /usr/include/c++/13/memory:69,
                 from /home/runner/work/reSF2/reSF2/engine/renderer/renderer.hpp:17,
                 from /home/runner/work/reSF2/reSF2/engine/renderer/renderer.cpp:1:
/usr/include/c++/13/bits/stl_algobase.h:233:5: note: candidate: ‘template<class _Tp> constexpr const _Tp& std::min(const _Tp&, const _Tp&)’
  233 |     min(const _Tp& __a, const _Tp& __b)
      |     ^~~
/usr/include/c++/13/bits/stl_algobase.h:233:5: note:   template argument deduction/substitution failed:
/home/runner/work/reSF2/reSF2/engine/renderer/renderer.cpp:350:26: note:   candidate expects 2 arguments, 1 provided
  350 |     float minx = std::min({corners[0][0], corners[1][0], corners[2][0], corners[3][0]});
      |                  ~~~~~~~~^~~~~~~~~~~~~~~~~~~~~~~~~~~~~~~~~~~~~~~~~~~~~~~~~~~~~~~~~~~~~~
/usr/include/c++/13/bits/stl_algobase.h:281:5: note: candidate: ‘template<class _Tp, class _Compare> constexpr const _Tp& std::min(const _Tp&, const _Tp&, _Compare)’
  281 |     min(const _Tp& __a, const _Tp& __b, _Compare __comp)
      |     ^~~
/usr/include/c++/13/bits/stl_algobase.h:281:5: note:   template argument deduction/substitution failed:
/home/runner/work/reSF2/reSF2/engine/renderer/renderer.cpp:350:26: note:   candidate expects 3 arguments, 1 provided
  350 |     float minx = std::min({corners[0][0], corners[1][0], corners[2][0], corners[3][0]});
      |                  ~~~~~~~~^~~~~~~~~~~~~~~~~~~~~~~~~~~~~~~~~~~~~~~~~~~~~~~~~~~~~~~~~~~~~~
/home/runner/work/reSF2/reSF2/engine/renderer/renderer.cpp:351:26: error: no matching function for call to ‘min(<brace-enclosed initializer list>)’
  351 |     float miny = std::min({corners[0][1], corners[1][1], corners[2][1], corners[3][1]});
      |                  ~~~~~~~~^~~~~~~~~~~~~~~~~~~~~~~~~~~~~~~~~~~~~~~~~~~~~~~~~~~~~~~~~~~~~~
/usr/include/c++/13/bits/stl_algobase.h:233:5: note: candidate: ‘template<class _Tp> constexpr const _Tp& std::min(const _Tp&, const _Tp&)’
  233 |     min(const _Tp& __a, const _Tp& __b)
      |     ^~~
/usr/include/c++/13/bits/stl_algobase.h:233:5: note:   template argument deduction/substitution failed:
/home/runner/work/reSF2/reSF2/engine/renderer/renderer.cpp:351:26: note:   candidate expects 2 arguments, 1 provided
  351 |     float miny = std::min({corners[0][1], corners[1][1], corners[2][1], corners[3][1]});
      |                  ~~~~~~~~^~~~~~~~~~~~~~~~~~~~~~~~~~~~~~~~~~~~~~~~~~~~~~~~~~~~~~~~~~~~~~
/usr/include/c++/13/bits/stl_algobase.h:281:5: note: candidate: ‘template<class _Tp, class _Compare> constexpr const _Tp& std::min(const _Tp&, const _Tp&, _Compare)’
  281 |     min(const _Tp& __a, const _Tp& __b, _Compare __comp)
      |     ^~~
/usr/include/c++/13/bits/stl_algobase.h:281:5: note:   template argument deduction/substitution failed:
/home/runner/work/reSF2/reSF2/engine/renderer/renderer.cpp:351:26: note:   candidate expects 3 arguments, 1 provided
  351 |     float miny = std::min({corners[0][1], corners[1][1], corners[2][1], corners[3][1]});
      |                  ~~~~~~~~^~~~~~~~~~~~~~~~~~~~~~~~~~~~~~~~~~~~~~~~~~~~~~~~~~~~~~~~~~~~~~
/home/runner/work/reSF2/reSF2/engine/renderer/renderer.cpp:352:26: error: no matching function for call to ‘max(<brace-enclosed initializer list>)’
  352 |     float maxx = std::max({corners[0][0], corners[1][0], corners[2][0], corners[3][0]});
      |                  ~~~~~~~~^~~~~~~~~~~~~~~~~~~~~~~~~~~~~~~~~~~~~~~~~~~~~~~~~~~~~~~~~~~~~~
/usr/include/c++/13/bits/stl_algobase.h:257:5: note: candidate: ‘template<class _Tp> constexpr const _Tp& std::max(const _Tp&, const _Tp&)’
  257 |     max(const _Tp& __a, const _Tp& __b)
      |     ^~~
/usr/include/c++/13/bits/stl_algobase.h:257:5: note:   template argument deduction/substitution failed:
/home/runner/work/reSF2/reSF2/engine/renderer/renderer.cpp:352:26: note:   candidate expects 2 arguments, 1 provided
  352 |     float maxx = std::max({corners[0][0], corners[1][0], corners[2][0], corners[3][0]});
      |                  ~~~~~~~~^~~~~~~~~~~~~~~~~~~~~~~~~~~~~~~~~~~~~~~~~~~~~~~~~~~~~~~~~~~~~~
/usr/include/c++/13/bits/stl_algobase.h:303:5: note: candidate: ‘template<class _Tp, class _Compare> constexpr const _Tp& std::max(const _Tp&, const _Tp&, _Compare)’
  303 |     max(const _Tp& __a, const _Tp& __b, _Compare __comp)
      |     ^~~
/usr/include/c++/13/bits/stl_algobase.h:303:5: note:   template argument deduction/substitution failed:
/home/runner/work/reSF2/reSF2/engine/renderer/renderer.cpp:352:26: note:   candidate expects 3 arguments, 1 provided
  352 |     float maxx = std::max({corners[0][0], corners[1][0], corners[2][0], corners[3][0]});
      |                  ~~~~~~~~^~~~~~~~~~~~~~~~~~~~~~~~~~~~~~~~~~~~~~~~~~~~~~~~~~~~~~~~~~~~~~
/home/runner/work/reSF2/reSF2/engine/renderer/renderer.cpp:353:26: error: no matching function for call to ‘max(<brace-enclosed initializer list>)’
  353 |     float maxy = std::max({corners[0][1], corners[1][1], corners[2][1], corners[3][1]});
      |                  ~~~~~~~~^~~~~~~~~~~~~~~~~~~~~~~~~~~~~~~~~~~~~~~~~~~~~~~~~~~~~~~~~~~~~~
/usr/include/c++/13/bits/stl_algobase.h:257:5: note: candidate: ‘template<class _Tp> constexpr const _Tp& std::max(const _Tp&, const _Tp&)’
  257 |     max(const _Tp& __a, const _Tp& __b)
      |     ^~~
/usr/include/c++/13/bits/stl_algobase.h:257:5: note:   template argument deduction/substitution failed:
/home/runner/work/reSF2/reSF2/engine/renderer/renderer.cpp:353:26: note:   candidate expects 2 arguments, 1 provided
  353 |     float maxy = std::max({corners[0][1], corners[1][1], corners[2][1], corners[3][1]});
      |                  ~~~~~~~~^~~~~~~~~~~~~~~~~~~~~~~~~~~~~~~~~~~~~~~~~~~~~~~~~~~~~~~~~~~~~~
/usr/include/c++/13/bits/stl_algobase.h:303:5: note: candidate: ‘template<class _Tp, class _Compare> constexpr const _Tp& std::max(const _Tp&, const _Tp&, _Compare)’
  303 |     max(const _Tp& __a, const _Tp& __b, _Compare __comp)
      |     ^~~
/usr/include/c++/13/bits/stl_algobase.h:303:5: note:   template argument deduction/substitution failed:
/home/runner/work/reSF2/reSF2/engine/renderer/renderer.cpp:353:26: note:   candidate expects 3 arguments, 1 provided
  353 |     float maxy = std::max({corners[0][1], corners[1][1], corners[2][1], corners[3][1]});
      |                  ~~~~~~~~^~~~~~~~~~~~~~~~~~~~~~~~~~~~~~~~~~~~~~~~~~~~~~~~~~~~~~~~~~~~~~
/home/runner/work/reSF2/reSF2/engine/renderer/renderer.cpp: In member function ‘void resf2::renderer::Renderer::draw_line_world(float, float, float, float, resf2::renderer::Color4B)’:
/home/runner/work/reSF2/reSF2/engine/renderer/renderer.cpp:361:23: warning: use of old-style cast to ‘float’ [-Wold-style-cast]
  361 |     float hw = (float)width_  / (2.0f * camera_.zoom());
      |                       ^~~~~~
      |                -------------
      |                static_cast<float> (width_)
/home/runner/work/reSF2/reSF2/engine/renderer/renderer.cpp:362:23: warning: use of old-style cast to ‘float’ [-Wold-style-cast]
  362 |     float hh = (float)height_ / (2.0f * camera_.zoom());
      |                       ^~~~~~~
      |                --------------
      |                static_cast<float> (height_)
/home/runner/work/reSF2/reSF2/engine/renderer/renderer.cpp: In lambda function:
/home/runner/work/reSF2/reSF2/engine/renderer/renderer.cpp:366:52: warning: use of old-style cast to ‘float’ [-Wold-style-cast]
  366 |         sx = (wx - left) / (right - left) * (float)width_;
      |                                                    ^~~~~~
      |                                             -------------
      |                                             static_cast<float> (width_)
/home/runner/work/reSF2/reSF2/engine/renderer/renderer.cpp:368:63: warning: use of old-style cast to ‘float’ [-Wold-style-cast]
  368 |         sy = (1.0f - (wy - bottom) / (top - bottom)) * (float)height_;
      |                                                               ^~~~~~~
      |                                                        --------------
      |                                                        static_cast<float> (height_)
[26/55] Building CXX object engine/renderer/CMakeFiles/resf2_renderer.dir/gl_loader.cpp.o
[27/55] Building CXX object engine/platform/CMakeFiles/resf2_platform.dir/platform.cpp.o
[28/55] Building CXX object engine/platform/CMakeFiles/resf2_platform.dir/glfw_platform.cpp.o
In file included from /home/runner/work/reSF2/reSF2/engine/platform/glfw_platform.cpp:15:
/home/runner/work/reSF2/reSF2/engine/platform/glfw_platform.hpp:13:1: warning: multi-line comment [-Wcomment]
   13 | //   g++ -std=c++23 -Iengine -I/usr/include/GLFW -I/usr/include/GL \
      | ^
/home/runner/work/reSF2/reSF2/engine/platform/glfw_platform.cpp: In static member function ‘static void resf2::platform::GlfwPlatform::Impl::key_callback(GLFWwindow*, int, int, int, int)’:
/home/runner/work/reSF2/reSF2/engine/platform/glfw_platform.cpp:232:58: warning: unused parameter ‘scancode’ [-Wunused-parameter]
  232 |     static void key_callback(GLFWwindow* w, int key, int scancode, int action, int mods) {
      |                                                      ~~~~^~~~~~~~
/home/runner/work/reSF2/reSF2/engine/platform/glfw_platform.cpp:232:84: warning: unused parameter ‘mods’ [-Wunused-parameter]
  232 |     static void key_callback(GLFWwindow* w, int key, int scancode, int action, int mods) {
      |                                                                                ~~~~^~~~
/home/runner/work/reSF2/reSF2/engine/platform/glfw_platform.cpp: In static member function ‘static void resf2::platform::GlfwPlatform::Impl::mouse_button_callback(GLFWwindow*, int, int, int)’:
/home/runner/work/reSF2/reSF2/engine/platform/glfw_platform.cpp:260:82: warning: unused parameter ‘mods’ [-Wunused-parameter]
  260 |     static void mouse_button_callback(GLFWwindow* w, int button, int action, int mods) {
      |                                                                              ~~~~^~~~
/home/runner/work/reSF2/reSF2/engine/platform/glfw_platform.cpp: In static member function ‘static void resf2::platform::GlfwPlatform::Impl::framebuffer_size_callback(GLFWwindow*, int, int)’:
/home/runner/work/reSF2/reSF2/engine/platform/glfw_platform.cpp:323:55: warning: unused parameter ‘w’ [-Wunused-parameter]
  323 |     static void framebuffer_size_callback(GLFWwindow* w, int width, int height) {
      |                                           ~~~~~~~~~~~~^
/home/runner/work/reSF2/reSF2/engine/platform/glfw_platform.cpp:323:62: warning: unused parameter ‘width’ [-Wunused-parameter]
  323 |     static void framebuffer_size_callback(GLFWwindow* w, int width, int height) {
      |                                                          ~~~~^~~~~
/home/runner/work/reSF2/reSF2/engine/platform/glfw_platform.cpp:323:73: warning: unused parameter ‘height’ [-Wunused-parameter]
  323 |     static void framebuffer_size_callback(GLFWwindow* w, int width, int height) {
      |                                                                     ~~~~^~~~~~
/home/runner/work/reSF2/reSF2/engine/platform/glfw_platform.cpp: At global scope:
/home/runner/work/reSF2/reSF2/engine/platform/glfw_platform.cpp:124:12: warning: ‘int resf2::platform::key_index_to_glfw(int)’ defined but not used [-Wunused-function]
  124 | static int key_index_to_glfw(int idx) {
      |            ^~~~~~~~~~~~~~~~~
[29/55] Building CXX object engine/renderer/CMakeFiles/resf2_renderer.dir/stb_image_impl.cpp.o
In file included from /home/runner/work/reSF2/reSF2/engine/renderer/stb_image_impl.cpp:12:
/home/runner/work/reSF2/reSF2/engine/renderer/stb_image.h: In function ‘void stbi__start_mem(stbi__context*, const stbi_uc*, int)’:
/home/runner/work/reSF2/reSF2/engine/renderer/stb_image.h:831:57: warning: use of old-style cast to ‘stbi_uc*’ {aka ‘unsigned char*’} [-Wold-style-cast]
  831 |    s->img_buffer = s->img_buffer_original = (stbi_uc *) buffer;
      |                                                         ^~~~~~
      |                                             ------------------
      |                                             const_cast<stbi_uc *> ( buffer)
/home/runner/work/reSF2/reSF2/engine/renderer/stb_image.h:832:65: warning: use of old-style cast to ‘stbi_uc*’ {aka ‘unsigned char*’} [-Wold-style-cast]
  832 |    s->img_buffer_end = s->img_buffer_original_end = (stbi_uc *) buffer+len;
      |                                                                 ^~~~~~
      |                                                     ------------------
      |                                                     const_cast<stbi_uc *> ( buffer)
/home/runner/work/reSF2/reSF2/engine/renderer/stb_image.h: In function ‘void* stbi__load_main(stbi__context*, int*, int*, int*, int, stbi__result_info*, int)’:
/home/runner/work/reSF2/reSF2/engine/renderer/stb_image.h:1099:80: warning: use of old-style cast to ‘size_t’ {aka ‘long unsigned int’} [-Wold-style-cast]
 1099 | #define stbi__errpuc(x,y)  ((unsigned char *)(size_t) (stbi__err(x,y)?NULL:NULL))
      |                                                                                ^
/home/runner/work/reSF2/reSF2/engine/renderer/stb_image.h:1187:11: note: in expansion of macro ‘stbi__errpuc’
 1187 |    return stbi__errpuc("unknown image type", "Image not of any known type, or corrupt");
      |           ^~~~~~~~~~~~
/home/runner/work/reSF2/reSF2/engine/renderer/stb_image.h:1099:80: warning: use of old-style cast to ‘unsigned char*’ [-Wold-style-cast]
 1099 | #define stbi__errpuc(x,y)  ((unsigned char *)(size_t) (stbi__err(x,y)?NULL:NULL))
      |                                                                                ^
/home/runner/work/reSF2/reSF2/engine/renderer/stb_image.h:1187:11: note: in expansion of macro ‘stbi__errpuc’
 1187 |    return stbi__errpuc("unknown image type", "Image not of any known type, or corrupt");
      |           ^~~~~~~~~~~~
/home/runner/work/reSF2/reSF2/engine/renderer/stb_image.h: In function ‘stbi_uc* stbi__convert_16_to_8(stbi__uint16*, int, int, int)’:
/home/runner/work/reSF2/reSF2/engine/renderer/stb_image.h:1196:46: warning: use of old-style cast to ‘stbi_uc*’ {aka ‘unsigned char*’} [-Wold-style-cast]
 1196 |    reduced = (stbi_uc *) stbi__malloc(img_len);
      |                                              ^
      |              -----------
      |              static_cast<stbi_uc *> (         )
/home/runner/work/reSF2/reSF2/engine/renderer/stb_image.h:1099:80: warning: use of old-style cast to ‘size_t’ {aka ‘long unsigned int’} [-Wold-style-cast]
 1099 | #define stbi__errpuc(x,y)  ((unsigned char *)(size_t) (stbi__err(x,y)?NULL:NULL))
      |                                                                                ^
/home/runner/work/reSF2/reSF2/engine/renderer/stb_image.h:1197:32: note: in expansion of macro ‘stbi__errpuc’
 1197 |    if (reduced == NULL) return stbi__errpuc("outofmem", "Out of memory");
      |                                ^~~~~~~~~~~~
/home/runner/work/reSF2/reSF2/engine/renderer/stb_image.h:1099:80: warning: use of old-style cast to ‘unsigned char*’ [-Wold-style-cast]
 1099 | #define stbi__errpuc(x,y)  ((unsigned char *)(size_t) (stbi__err(x,y)?NULL:NULL))
      |                                                                                ^
/home/runner/work/reSF2/reSF2/engine/renderer/stb_image.h:1197:32: note: in expansion of macro ‘stbi__errpuc’
 1197 |    if (reduced == NULL) return stbi__errpuc("outofmem", "Out of memory");
      |                                ^~~~~~~~~~~~
/home/runner/work/reSF2/reSF2/engine/renderer/stb_image.h:1200:51: warning: use of old-style cast to ‘stbi_uc’ {aka ‘unsigned char’} [-Wold-style-cast]
 1200 |       reduced[i] = (stbi_uc)((orig[i] >> 8) & 0xFF); // top half of each byte is sufficient approx of 16->8 bit scaling
      |                                                   ^
      |                    ---------
      |                    static_cast<stbi_uc> (          )
/home/runner/work/reSF2/reSF2/engine/renderer/stb_image.h: In function ‘stbi__uint16* stbi__convert_8_to_16(stbi_uc*, int, int, int)’:
/home/runner/work/reSF2/reSF2/engine/renderer/stb_image.h:1212:54: warning: use of old-style cast to ‘stbi__uint16*’ {aka ‘short unsigned int*’} [-Wold-style-cast]
 1212 |    enlarged = (stbi__uint16 *) stbi__malloc(img_len*2);
      |                                                      ^
      |               -
      |               static_cast<   -
      |                              > (                      )
/home/runner/work/reSF2/reSF2/engine/renderer/stb_image.h:1099:80: warning: use of old-style cast to ‘size_t’ {aka ‘long unsigned int’} [-Wold-style-cast]
 1099 | #define stbi__errpuc(x,y)  ((unsigned char *)(size_t) (stbi__err(x,y)?NULL:NULL))
      |                                                                                ^
/home/runner/work/reSF2/reSF2/engine/renderer/stb_image.h:1213:50: note: in expansion of macro ‘stbi__errpuc’
 1213 |    if (enlarged == NULL) return (stbi__uint16 *) stbi__errpuc("outofmem", "Out of memory");
      |                                                  ^~~~~~~~~~~~
/home/runner/work/reSF2/reSF2/engine/renderer/stb_image.h:1099:80: warning: use of old-style cast to ‘unsigned char*’ [-Wold-style-cast]
 1099 | #define stbi__errpuc(x,y)  ((unsigned char *)(size_t) (stbi__err(x,y)?NULL:NULL))
      |                                                                                ^
/home/runner/work/reSF2/reSF2/engine/renderer/stb_image.h:1213:50: note: in expansion of macro ‘stbi__errpuc’
 1213 |    if (enlarged == NULL) return (stbi__uint16 *) stbi__errpuc("outofmem", "Out of memory");
      |                                                  ^~~~~~~~~~~~
/home/runner/work/reSF2/reSF2/engine/renderer/stb_image.h:1099:81: warning: use of old-style cast to ‘stbi__uint16*’ {aka ‘short unsigned int*’} [-Wold-style-cast]
 1099 | #define stbi__errpuc(x,y)  ((unsigned char *)(size_t) (stbi__err(x,y)?NULL:NULL))
      |                                                                                 ^
/home/runner/work/reSF2/reSF2/engine/renderer/stb_image.h:1213:50: note: in expansion of macro ‘stbi__errpuc’
 1213 |    if (enlarged == NULL) return (stbi__uint16 *) stbi__errpuc("outofmem", "Out of memory");
      |                                                  ^~~~~~~~~~~~
/home/runner/work/reSF2/reSF2/engine/renderer/stb_image.h:1216:60: warning: use of old-style cast to ‘stbi__uint16’ {aka ‘short unsigned int’} [-Wold-style-cast]
 1216 |       enlarged[i] = (stbi__uint16)((orig[i] << 8) + orig[i]); // replicate to high and low byte, maps 0->0, 255->0xffff
      |                                                            ^
      |                     -
      |                     static_cast< -
      |                                  > (                        )
/home/runner/work/reSF2/reSF2/engine/renderer/stb_image.h: In function ‘void stbi__vertical_flip(void*, int, int, int)’:
/home/runner/work/reSF2/reSF2/engine/renderer/stb_image.h:1225:35: warning: use of old-style cast to ‘size_t’ {aka ‘long unsigned int’} [-Wold-style-cast]
 1225 |    size_t bytes_per_row = (size_t)w * bytes_per_pixel;
      |                                   ^
      |                           ---------
      |                           static_cast<size_t> (w)
/home/runner/work/reSF2/reSF2/engine/renderer/stb_image.h:1227:32: warning: use of old-style cast to ‘stbi_uc*’ {aka ‘unsigned char*’} [-Wold-style-cast]
 1227 |    stbi_uc *bytes = (stbi_uc *)image;
      |                                ^~~~~
      |                     ----------------
      |                     static_cast<stbi_uc *> (image)
/home/runner/work/reSF2/reSF2/engine/renderer/stb_image.h: In function ‘unsigned char* stbi__load_and_postprocess_8bit(stbi__context*, int*, int*, int*, int)’:
/home/runner/work/reSF2/reSF2/engine/renderer/stb_image.h:1272:55: warning: use of old-style cast to ‘stbi__uint16*’ {aka ‘short unsigned int*’} [-Wold-style-cast]
 1272 |       result = stbi__convert_16_to_8((stbi__uint16 *) result, *x, *y, req_comp == 0 ? *comp : req_comp);
      |                                                       ^~~~~~
      |                                      -
      |                                      static_cast<   -
      |                                                     > (     )
/home/runner/work/reSF2/reSF2/engine/renderer/stb_image.h:1283:29: warning: use of old-style cast to ‘unsigned char*’ [-Wold-style-cast]
 1283 |    return (unsigned char *) result;
      |                             ^~~~~~
      |           -
      |           static_cast<    -
      |                           > (     )
/home/runner/work/reSF2/reSF2/engine/renderer/stb_image.h: In function ‘stbi__uint16* stbi__load_and_postprocess_16bit(stbi__context*, int*, int*, int*, int)’:
/home/runner/work/reSF2/reSF2/engine/renderer/stb_image.h:1298:50: warning: use of old-style cast to ‘stbi_uc*’ {aka ‘unsigned char*’} [-Wold-style-cast]
 1298 |       result = stbi__convert_8_to_16((stbi_uc *) result, *x, *y, req_comp == 0 ? *comp : req_comp);
      |                                                  ^~~~~~
      |                                      ------------------
      |                                      static_cast<stbi_uc *> ( result)
/home/runner/work/reSF2/reSF2/engine/renderer/stb_image.h:1310:28: warning: use of old-style cast to ‘stbi__uint16*’ {aka ‘short unsigned int*’} [-Wold-style-cast]
 1310 |    return (stbi__uint16 *) result;
      |                            ^~~~~~
      |           -
      |           static_cast<   -
      |                          > (     )
/home/runner/work/reSF2/reSF2/engine/renderer/stb_image.h: In function ‘stbi_us* stbi_load_16_from_callbacks(const stbi_io_callbacks*, void*, int*, int*, int*, int)’:
/home/runner/work/reSF2/reSF2/engine/renderer/stb_image.h:1425:51: warning: use of old-style cast to ‘struct stbi_io_callbacks*’ [-Wold-style-cast]
 1425 |    stbi__start_callbacks(&s, (stbi_io_callbacks *)clbk, user);
      |                                                   ^~~~
      |                              -
      |                              const_cast<         -
      |                                                  > (  )
/home/runner/work/reSF2/reSF2/engine/renderer/stb_image.h: In function ‘stbi_uc* stbi_load_from_callbacks(const stbi_io_callbacks*, void*, int*, int*, int*, int)’:
/home/runner/work/reSF2/reSF2/engine/renderer/stb_image.h:1439:52: warning: use of old-style cast to ‘struct stbi_io_callbacks*’ [-Wold-style-cast]
 1439 |    stbi__start_callbacks(&s, (stbi_io_callbacks *) clbk, user);
      |                                                    ^~~~
      |                              -
      |                              const_cast<         -
      |                                                  > (   )
/home/runner/work/reSF2/reSF2/engine/renderer/stb_image.h: In function ‘float* stbi__loadf_main(stbi__context*, int*, int*, int*, int)’:
/home/runner/work/reSF2/reSF2/engine/renderer/stb_image.h:1098:72: warning: use of old-style cast to ‘size_t’ {aka ‘long unsigned int’} [-Wold-style-cast]
 1098 | #define stbi__errpf(x,y)   ((float *)(size_t) (stbi__err(x,y)?NULL:NULL))
      |                                                                        ^
/home/runner/work/reSF2/reSF2/engine/renderer/stb_image.h:1475:11: note: in expansion of macro ‘stbi__errpf’
 1475 |    return stbi__errpf("unknown image type", "Image not of any known type, or corrupt");
      |           ^~~~~~~~~~~
/home/runner/work/reSF2/reSF2/engine/renderer/stb_image.h:1098:72: warning: use of old-style cast to ‘float*’ [-Wold-style-cast]
 1098 | #define stbi__errpf(x,y)   ((float *)(size_t) (stbi__err(x,y)?NULL:NULL))
      |                                                                        ^
/home/runner/work/reSF2/reSF2/engine/renderer/stb_image.h:1475:11: note: in expansion of macro ‘stbi__errpf’
 1475 |    return stbi__errpf("unknown image type", "Image not of any known type, or corrupt");
      |           ^~~~~~~~~~~
/home/runner/work/reSF2/reSF2/engine/renderer/stb_image.h: In function ‘float* stbi_loadf_from_callbacks(const stbi_io_callbacks*, void*, int*, int*, int*, int)’:
/home/runner/work/reSF2/reSF2/engine/renderer/stb_image.h:1488:52: warning: use of old-style cast to ‘struct stbi_io_callbacks*’ [-Wold-style-cast]
 1488 |    stbi__start_callbacks(&s, (stbi_io_callbacks *) clbk, user);
      |                                                    ^~~~
      |                              -
      |                              const_cast<         -
      |                                                  > (   )
/home/runner/work/reSF2/reSF2/engine/renderer/stb_image.h: In function ‘void stbi__refill_buffer(stbi__context*)’:
/home/runner/work/reSF2/reSF2/engine/renderer/stb_image.h:1599:51: warning: use of old-style cast to ‘char*’ [-Wold-style-cast]
 1599 |    int n = (s->io.read)(s->io_user_data,(char*)s->buffer_start,s->buflen);
      |                                                   ^~~~~~~~~~~~
      |                                         ----------------------
      |                                         reinterpret_cast<char*> (s->buffer_start)
/home/runner/work/reSF2/reSF2/engine/renderer/stb_image.h:1600:77: warning: use of old-style cast to ‘int’ [-Wold-style-cast]
 1600 |    s->callback_already_read += (int) (s->img_buffer - s->img_buffer_original);
      |                                                                             ^
      |                                -----
      |                                static_cast<int> (                            )
/home/runner/work/reSF2/reSF2/engine/renderer/stb_image.h: In function ‘void stbi__skip(stbi__context*, int)’:
/home/runner/work/reSF2/reSF2/engine/renderer/stb_image.h:1652:58: warning: use of old-style cast to ‘int’ [-Wold-style-cast]
 1652 |       int blen = (int) (s->img_buffer_end - s->img_buffer);
      |                                                          ^
      |                  -----
      |                  static_cast<int> (                       )
/home/runner/work/reSF2/reSF2/engine/renderer/stb_image.h: In function ‘int stbi__getn(stbi__context*, stbi_uc*, int)’:
/home/runner/work/reSF2/reSF2/engine/renderer/stb_image.h:1669:58: warning: use of old-style cast to ‘int’ [-Wold-style-cast]
 1669 |       int blen = (int) (s->img_buffer_end - s->img_buffer);
      |                                                          ^
      |                  -----
      |                  static_cast<int> (                       )
/home/runner/work/reSF2/reSF2/engine/renderer/stb_image.h:1675:56: warning: use of old-style cast to ‘char*’ [-Wold-style-cast]
 1675 |          count = (s->io.read)(s->io_user_data, (char*) buffer + blen, n - blen);
      |                                                        ^~~~~~
      |                                                --------------
      |                                                reinterpret_cast<char*> ( buffer)
/home/runner/work/reSF2/reSF2/engine/renderer/stb_image.h: In function ‘stbi_uc stbi__compute_y(int, int, int)’:
/home/runner/work/reSF2/reSF2/engine/renderer/stb_image.h:1748:55: warning: use of old-style cast to ‘stbi_uc’ {aka ‘unsigned char’} [-Wold-style-cast]
 1748 |    return (stbi_uc) (((r*77) + (g*150) +  (29*b)) >> 8);
      |                                                       ^
      |           ---------
      |           static_cast<stbi_uc> (                       )
/home/runner/work/reSF2/reSF2/engine/renderer/stb_image.h: In function ‘unsigned char* stbi__convert_format(unsigned char*, int, int, unsigned int, unsigned int)’:
/home/runner/work/reSF2/reSF2/engine/renderer/stb_image.h:1763:64: warning: use of old-style cast to ‘unsigned char*’ [-Wold-style-cast]
 1763 |    good = (unsigned char *) stbi__malloc_mad3(req_comp, x, y, 0);
      |                                                                ^
      |           -
      |           static_cast<    -
      |                           > (                                   )
/home/runner/work/reSF2/reSF2/engine/renderer/stb_image.h:1099:80: warning: use of old-style cast to ‘size_t’ {aka ‘long unsigned int’} [-Wold-style-cast]
 1099 | #define stbi__errpuc(x,y)  ((unsigned char *)(size_t) (stbi__err(x,y)?NULL:NULL))
      |                                                                                ^
/home/runner/work/reSF2/reSF2/engine/renderer/stb_image.h:1766:14: note: in expansion of macro ‘stbi__errpuc’
 1766 |       return stbi__errpuc("outofmem", "Out of memory");
      |              ^~~~~~~~~~~~
/home/runner/work/reSF2/reSF2/engine/renderer/stb_image.h:1099:80: warning: use of old-style cast to ‘unsigned char*’ [-Wold-style-cast]
 1099 | #define stbi__errpuc(x,y)  ((unsigned char *)(size_t) (stbi__err(x,y)?NULL:NULL))
      |                                                                                ^
/home/runner/work/reSF2/reSF2/engine/renderer/stb_image.h:1766:14: note: in expansion of macro ‘stbi__errpuc’
 1766 |       return stbi__errpuc("outofmem", "Out of memory");
      |              ^~~~~~~~~~~~
/home/runner/work/reSF2/reSF2/engine/renderer/stb_image.h:1769:24: warning: use of old-style cast to ‘int’ [-Wold-style-cast]
 1769 |    for (j=0; j < (int) y; ++j) {
      |                        ^
      |                  -------
      |                  static_cast<int> ( y)
/home/runner/work/reSF2/reSF2/engine/renderer/stb_image.h:1099:80: warning: use of old-style cast to ‘size_t’ {aka ‘long unsigned int’} [-Wold-style-cast]
 1099 | #define stbi__errpuc(x,y)  ((unsigned char *)(size_t) (stbi__err(x,y)?NULL:NULL))
      |                                                                                ^
/home/runner/work/reSF2/reSF2/engine/renderer/stb_image.h:1790:76: note: in expansion of macro ‘stbi__errpuc’
 1790 |          default: STBI_ASSERT(0); STBI_FREE(data); STBI_FREE(good); return stbi__errpuc("unsupported", "Unsupported format conversion");
      |                                                                            ^~~~~~~~~~~~
/home/runner/work/reSF2/reSF2/engine/renderer/stb_image.h:1099:80: warning: use of old-style cast to ‘unsigned char*’ [-Wold-style-cast]
 1099 | #define stbi__errpuc(x,y)  ((unsigned char *)(size_t) (stbi__err(x,y)?NULL:NULL))
      |                                                                                ^
/home/runner/work/reSF2/reSF2/engine/renderer/stb_image.h:1790:76: note: in expansion of macro ‘stbi__errpuc’
 1790 |          default: STBI_ASSERT(0); STBI_FREE(data); STBI_FREE(good); return stbi__errpuc("unsupported", "Unsupported format conversion");
      |                                                                            ^~~~~~~~~~~~
/home/runner/work/reSF2/reSF2/engine/renderer/stb_image.h: In function ‘stbi__uint16 stbi__compute_y_16(int, int, int)’:
/home/runner/work/reSF2/reSF2/engine/renderer/stb_image.h:1805:60: warning: use of old-style cast to ‘stbi__uint16’ {aka ‘short unsigned int’} [-Wold-style-cast]
 1805 |    return (stbi__uint16) (((r*77) + (g*150) +  (29*b)) >> 8);
      |                                                            ^
      |           -
      |           static_cast< -
      |                        > (                                  )
/home/runner/work/reSF2/reSF2/engine/renderer/stb_image.h: In function ‘stbi__uint16* stbi__convert_format16(stbi__uint16*, int, int, unsigned int, unsigned int)’:
/home/runner/work/reSF2/reSF2/engine/renderer/stb_image.h:1820:61: warning: use of old-style cast to ‘stbi__uint16*’ {aka ‘short unsigned int*’} [-Wold-style-cast]
 1820 |    good = (stbi__uint16 *) stbi__malloc(req_comp * x * y * 2);
      |                                                             ^
      |           -
      |           static_cast<   -
      |                          > (                                 )
/home/runner/work/reSF2/reSF2/engine/renderer/stb_image.h:1099:80: warning: use of old-style cast to ‘size_t’ {aka ‘long unsigned int’} [-Wold-style-cast]
 1099 | #define stbi__errpuc(x,y)  ((unsigned char *)(size_t) (stbi__err(x,y)?NULL:NULL))
      |                                                                                ^
/home/runner/work/reSF2/reSF2/engine/renderer/stb_image.h:1823:31: note: in expansion of macro ‘stbi__errpuc’
 1823 |       return (stbi__uint16 *) stbi__errpuc("outofmem", "Out of memory");
      |                               ^~~~~~~~~~~~
/home/runner/work/reSF2/reSF2/engine/renderer/stb_image.h:1099:80: warning: use of old-style cast to ‘unsigned char*’ [-Wold-style-cast]
 1099 | #define stbi__errpuc(x,y)  ((unsigned char *)(size_t) (stbi__err(x,y)?NULL:NULL))
      |                                                                                ^
/home/runner/work/reSF2/reSF2/engine/renderer/stb_image.h:1823:31: note: in expansion of macro ‘stbi__errpuc’
 1823 |       return (stbi__uint16 *) stbi__errpuc("outofmem", "Out of memory");
      |                               ^~~~~~~~~~~~
/home/runner/work/reSF2/reSF2/engine/renderer/stb_image.h:1099:81: warning: use of old-style cast to ‘stbi__uint16*’ {aka ‘short unsigned int*’} [-Wold-style-cast]
 1099 | #define stbi__errpuc(x,y)  ((unsigned char *)(size_t) (stbi__err(x,y)?NULL:NULL))
      |                                                                                 ^
/home/runner/work/reSF2/reSF2/engine/renderer/stb_image.h:1823:31: note: in expansion of macro ‘stbi__errpuc’
 1823 |       return (stbi__uint16 *) stbi__errpuc("outofmem", "Out of memory");
      |                               ^~~~~~~~~~~~
/home/runner/work/reSF2/reSF2/engine/renderer/stb_image.h:1826:24: warning: use of old-style cast to ‘int’ [-Wold-style-cast]
 1826 |    for (j=0; j < (int) y; ++j) {
      |                        ^
      |                  -------
      |                  static_cast<int> ( y)
/home/runner/work/reSF2/reSF2/engine/renderer/stb_image.h:1099:80: warning: use of old-style cast to ‘size_t’ {aka ‘long unsigned int’} [-Wold-style-cast]
 1099 | #define stbi__errpuc(x,y)  ((unsigned char *)(size_t) (stbi__err(x,y)?NULL:NULL))
      |                                                                                ^
/home/runner/work/reSF2/reSF2/engine/renderer/stb_image.h:1847:92: note: in expansion of macro ‘stbi__errpuc’
 1847 |          default: STBI_ASSERT(0); STBI_FREE(data); STBI_FREE(good); return (stbi__uint16*) stbi__errpuc("unsupported", "Unsupported format conversion");
      |                                                                                            ^~~~~~~~~~~~
/home/runner/work/reSF2/reSF2/engine/renderer/stb_image.h:1099:80: warning: use of old-style cast to ‘unsigned char*’ [-Wold-style-cast]
 1099 | #define stbi__errpuc(x,y)  ((unsigned char *)(size_t) (stbi__err(x,y)?NULL:NULL))
      |                                                                                ^
/home/runner/work/reSF2/reSF2/engine/renderer/stb_image.h:1847:92: note: in expansion of macro ‘stbi__errpuc’
 1847 |          default: STBI_ASSERT(0); STBI_FREE(data); STBI_FREE(good); return (stbi__uint16*) stbi__errpuc("unsupported", "Unsupported format conversion");
      |                                                                                            ^~~~~~~~~~~~
/home/runner/work/reSF2/reSF2/engine/renderer/stb_image.h:1099:81: warning: use of old-style cast to ‘stbi__uint16*’ {aka ‘short unsigned int*’} [-Wold-style-cast]
 1099 | #define stbi__errpuc(x,y)  ((unsigned char *)(size_t) (stbi__err(x,y)?NULL:NULL))
      |                                                                                 ^
/home/runner/work/reSF2/reSF2/engine/renderer/stb_image.h:1847:92: note: in expansion of macro ‘stbi__errpuc’
 1847 |          default: STBI_ASSERT(0); STBI_FREE(data); STBI_FREE(good); return (stbi__uint16*) stbi__errpuc("unsupported", "Unsupported format conversion");
      |                                                                                            ^~~~~~~~~~~~
/home/runner/work/reSF2/reSF2/engine/renderer/stb_image.h: In function ‘float* stbi__ldr_to_hdr(stbi_uc*, int, int, int)’:
/home/runner/work/reSF2/reSF2/engine/renderer/stb_image.h:1863:69: warning: use of old-style cast to ‘float*’ [-Wold-style-cast]
 1863 |    output = (float *) stbi__malloc_mad4(x, y, comp, sizeof(float), 0);
      |                                                                     ^
      |             ---------
      |             static_cast<float *> (                                   )
/home/runner/work/reSF2/reSF2/engine/renderer/stb_image.h:1098:72: warning: use of old-style cast to ‘size_t’ {aka ‘long unsigned int’} [-Wold-style-cast]
 1098 | #define stbi__errpf(x,y)   ((float *)(size_t) (stbi__err(x,y)?NULL:NULL))
      |                                                                        ^
/home/runner/work/reSF2/reSF2/engine/renderer/stb_image.h:1864:50: note: in expansion of macro ‘stbi__errpf’
 1864 |    if (output == NULL) { STBI_FREE(data); return stbi__errpf("outofmem", "Out of memory"); }
      |                                                  ^~~~~~~~~~~
/home/runner/work/reSF2/reSF2/engine/renderer/stb_image.h:1098:72: warning: use of old-style cast to ‘float*’ [-Wold-style-cast]
 1098 | #define stbi__errpf(x,y)   ((float *)(size_t) (stbi__err(x,y)?NULL:NULL))
      |                                                                        ^
/home/runner/work/reSF2/reSF2/engine/renderer/stb_image.h:1864:50: note: in expansion of macro ‘stbi__errpf’
 1864 |    if (output == NULL) { STBI_FREE(data); return stbi__errpf("outofmem", "Out of memory"); }
      |                                                  ^~~~~~~~~~~
/home/runner/work/reSF2/reSF2/engine/renderer/stb_image.h:1869:101: warning: use of old-style cast to ‘float’ [-Wold-style-cast]
 1869 |          output[i*comp + k] = (float) (pow(data[i*comp+k]/255.0f, stbi__l2h_gamma) * stbi__l2h_scale);
      |                                                                                                     ^
      |                               -------
      |                               static_cast<float> (                                                   )
/home/runner/work/reSF2/reSF2/engine/renderer/stb_image.h: In function ‘int stbi__zbuild_huffman(stbi__zhuffman*, const stbi_uc*, int)’:
/home/runner/work/reSF2/reSF2/engine/renderer/stb_image.h:4141:40: warning: use of old-style cast to ‘stbi__uint16’ {aka ‘short unsigned int’} [-Wold-style-cast]
 4141 |       z->firstcode[i] = (stbi__uint16) code;
      |                                        ^~~~
      |                         -
      |                         static_cast< -
      |                                      > (   )
/home/runner/work/reSF2/reSF2/engine/renderer/stb_image.h:4142:42: warning: use of old-style cast to ‘stbi__uint16’ {aka ‘short unsigned int’} [-Wold-style-cast]
 4142 |       z->firstsymbol[i] = (stbi__uint16) k;
      |                                          ^
      |                           -
      |                           static_cast< -
      |                                        > ()
/home/runner/work/reSF2/reSF2/engine/renderer/stb_image.h:4155:59: warning: use of old-style cast to ‘stbi__uint16’ {aka ‘short unsigned int’} [-Wold-style-cast]
 4155 |          stbi__uint16 fastv = (stbi__uint16) ((s << 9) | i);
      |                                                           ^
      |                               -
      |                               static_cast< -
      |                                            > (             )
/home/runner/work/reSF2/reSF2/engine/renderer/stb_image.h:4156:39: warning: use of old-style cast to ‘stbi_uc’ {aka ‘unsigned char’} [-Wold-style-cast]
 4156 |          z->size [c] = (stbi_uc     ) s;
      |                                       ^
      |                        -
      |                        static_cast< -
      |                                     > ()
/home/runner/work/reSF2/reSF2/engine/renderer/stb_image.h:4157:39: warning: use of old-style cast to ‘stbi__uint16’ {aka ‘short unsigned int’} [-Wold-style-cast]
 4157 |          z->value[c] = (stbi__uint16) i;
      |                                       ^
      |                        -
      |                        static_cast< -
      |                                     > ()
/home/runner/work/reSF2/reSF2/engine/renderer/stb_image.h: In function ‘void stbi__fill_bits(stbi__zbuf*)’:
/home/runner/work/reSF2/reSF2/engine/renderer/stb_image.h:4209:53: warning: use of old-style cast to ‘unsigned int’ [-Wold-style-cast]
 4209 |       z->code_buffer |= (unsigned int) stbi__zget8(z) << z->num_bits;
      |                                                     ^
      |                         -
      |                         static_cast< -
      |                                      > (             )
/home/runner/work/reSF2/reSF2/engine/renderer/stb_image.h: In function ‘int stbi__zexpand(stbi__zbuf*, char*, int)’:
/home/runner/work/reSF2/reSF2/engine/renderer/stb_image.h:4279:51: warning: use of old-style cast to ‘unsigned int’ [-Wold-style-cast]
 4279 |    cur   = (unsigned int) (z->zout - z->zout_start);
      |                                                   ^
      |            -
      |            static_cast< -
      |                         > (                        )
/home/runner/work/reSF2/reSF2/engine/renderer/stb_image.h:4280:63: warning: use of old-style cast to ‘unsigned int’ [-Wold-style-cast]
 4280 |    limit = old_limit = (unsigned) (z->zout_end - z->zout_start);
      |                                                               ^
      |                        ----------
      |                        static_cast<unsigned> (                 )
/home/runner/work/reSF2/reSF2/engine/renderer/stb_image.h:4281:36: warning: use of old-style cast to ‘unsigned int’ [-Wold-style-cast]
 4281 |    if (UINT_MAX - cur < (unsigned) n) return stbi__err("outofmem", "Out of memory");
      |                                    ^
      |                         ------------
      |                         static_cast<unsigned> ( n)
/home/runner/work/reSF2/reSF2/engine/renderer/stb_image.h:683:50: warning: use of old-style cast to ‘char*’ [-Wold-style-cast]
  683 | #define STBI_REALLOC(p,newsz)     realloc(p,newsz)
      |                                                  ^
/home/runner/work/reSF2/reSF2/engine/renderer/stb_image.h:688:43: note: in expansion of macro ‘STBI_REALLOC’
  688 | #define STBI_REALLOC_SIZED(p,oldsz,newsz) STBI_REALLOC(p,newsz)
      |                                           ^~~~~~~~~~~~
/home/runner/work/reSF2/reSF2/engine/renderer/stb_image.h:4286:17: note: in expansion of macro ‘STBI_REALLOC_SIZED’
 4286 |    q = (char *) STBI_REALLOC_SIZED(z->zout_start, old_limit, limit);
      |                 ^~~~~~~~~~~~~~~~~~
/home/runner/work/reSF2/reSF2/engine/renderer/stb_image.h: In function ‘int stbi__parse_huffman_block(stbi__zbuf*)’:
/home/runner/work/reSF2/reSF2/engine/renderer/stb_image.h:4320:27: warning: use of old-style cast to ‘char’ [-Wold-style-cast]
 4320 |          *zout++ = (char) z;
      |                           ^
      |                    --------
      |                    static_cast<char> ( z)
/home/runner/work/reSF2/reSF2/engine/renderer/stb_image.h:4348:38: warning: use of old-style cast to ‘stbi_uc*’ {aka ‘unsigned char*’} [-Wold-style-cast]
 4348 |          p = (stbi_uc *) (zout - dist);
      |                                      ^
      |              -------------------------
      |              reinterpret_cast<stbi_uc *> ( (zout - dist))
/home/runner/work/reSF2/reSF2/engine/renderer/stb_image.h: In function ‘int stbi__compute_huffman_codes(stbi__zbuf*)’:
/home/runner/work/reSF2/reSF2/engine/renderer/stb_image.h:4375:56: warning: use of old-style cast to ‘stbi_uc’ {aka ‘unsigned char’} [-Wold-style-cast]
 4375 |       codelength_sizes[length_dezigzag[i]] = (stbi_uc) s;
      |                                                        ^
      |                                              -----------
      |                                              static_cast<stbi_uc> ( s)
/home/runner/work/reSF2/reSF2/engine/renderer/stb_image.h:4384:36: warning: use of old-style cast to ‘stbi_uc’ {aka ‘unsigned char’} [-Wold-style-cast]
 4384 |          lencodes[n++] = (stbi_uc) c;
      |                                    ^
      |                          -----------
      |                          static_cast<stbi_uc> ( c)
/home/runner/work/reSF2/reSF2/engine/renderer/stb_image.h: In function ‘int stbi__parse_uncompressed_block(stbi__zbuf*)’:
/home/runner/work/reSF2/reSF2/engine/renderer/stb_image.h:4418:52: warning: use of old-style cast to ‘stbi_uc’ {aka ‘unsigned char’} [-Wold-style-cast]
 4418 |       header[k++] = (stbi_uc) (a->code_buffer & 255); // suppress MSVC run-time check
      |                                                    ^
      |                     ---------
      |                     static_cast<stbi_uc> (          )
/home/runner/work/reSF2/reSF2/engine/renderer/stb_image.h: In function ‘char* stbi_zlib_decode_malloc_guesssize(const char*, int, int, int*)’:
/home/runner/work/reSF2/reSF2/engine/renderer/stb_image.h:4523:48: warning: use of old-style cast to ‘char*’ [-Wold-style-cast]
 4523 |    char *p = (char *) stbi__malloc(initial_size);
      |                                                ^
      |              --------
      |              static_cast<char *> (              )
/home/runner/work/reSF2/reSF2/engine/renderer/stb_image.h:4525:28: warning: use of old-style cast to ‘stbi_uc*’ {aka ‘unsigned char*’} [-Wold-style-cast]
 4525 |    a.zbuffer = (stbi_uc *) buffer;
      |                            ^~~~~~
/home/runner/work/reSF2/reSF2/engine/renderer/stb_image.h:4526:32: warning: use of old-style cast to ‘stbi_uc*’ {aka ‘unsigned char*’} [-Wold-style-cast]
 4526 |    a.zbuffer_end = (stbi_uc *) buffer + len;
      |                                ^~~~~~
/home/runner/work/reSF2/reSF2/engine/renderer/stb_image.h:4528:57: warning: use of old-style cast to ‘int’ [-Wold-style-cast]
 4528 |       if (outlen) *outlen = (int) (a.zout - a.zout_start);
      |                                                         ^
      |                             -----
      |                             static_cast<int> (           )
/home/runner/work/reSF2/reSF2/engine/renderer/stb_image.h: In function ‘char* stbi_zlib_decode_malloc_guesssize_headerflag(const char*, int, int, int*, int)’:
/home/runner/work/reSF2/reSF2/engine/renderer/stb_image.h:4544:48: warning: use of old-style cast to ‘char*’ [-Wold-style-cast]
 4544 |    char *p = (char *) stbi__malloc(initial_size);
      |                                                ^
      |              --------
      |              static_cast<char *> (              )
/home/runner/work/reSF2/reSF2/engine/renderer/stb_image.h:4546:28: warning: use of old-style cast to ‘stbi_uc*’ {aka ‘unsigned char*’} [-Wold-style-cast]
 4546 |    a.zbuffer = (stbi_uc *) buffer;
      |                            ^~~~~~
/home/runner/work/reSF2/reSF2/engine/renderer/stb_image.h:4547:32: warning: use of old-style cast to ‘stbi_uc*’ {aka ‘unsigned char*’} [-Wold-style-cast]
 4547 |    a.zbuffer_end = (stbi_uc *) buffer + len;
      |                                ^~~~~~
/home/runner/work/reSF2/reSF2/engine/renderer/stb_image.h:4549:57: warning: use of old-style cast to ‘int’ [-Wold-style-cast]
 4549 |       if (outlen) *outlen = (int) (a.zout - a.zout_start);
      |                                                         ^
      |                             -----
      |                             static_cast<int> (           )
/home/runner/work/reSF2/reSF2/engine/renderer/stb_image.h: In function ‘int stbi_zlib_decode_buffer(char*, int, const char*, int)’:
/home/runner/work/reSF2/reSF2/engine/renderer/stb_image.h:4560:28: warning: use of old-style cast to ‘stbi_uc*’ {aka ‘unsigned char*’} [-Wold-style-cast]
 4560 |    a.zbuffer = (stbi_uc *) ibuffer;
      |                            ^~~~~~~
/home/runner/work/reSF2/reSF2/engine/renderer/stb_image.h:4561:32: warning: use of old-style cast to ‘stbi_uc*’ {aka ‘unsigned char*’} [-Wold-style-cast]
 4561 |    a.zbuffer_end = (stbi_uc *) ibuffer + ilen;
      |                                ^~~~~~~
/home/runner/work/reSF2/reSF2/engine/renderer/stb_image.h:4563:42: warning: use of old-style cast to ‘int’ [-Wold-style-cast]
 4563 |       return (int) (a.zout - a.zout_start);
      |                                          ^
      |              -----
      |              static_cast<int> (           )
/home/runner/work/reSF2/reSF2/engine/renderer/stb_image.h: In function ‘char* stbi_zlib_decode_noheader_malloc(const char*, int, int*)’:
/home/runner/work/reSF2/reSF2/engine/renderer/stb_image.h:4571:41: warning: use of old-style cast to ‘char*’ [-Wold-style-cast]
 4571 |    char *p = (char *) stbi__malloc(16384);
      |                                         ^
      |              --------
      |              static_cast<char *> (       )
/home/runner/work/reSF2/reSF2/engine/renderer/stb_image.h:4573:28: warning: use of old-style cast to ‘stbi_uc*’ {aka ‘unsigned char*’} [-Wold-style-cast]
 4573 |    a.zbuffer = (stbi_uc *) buffer;
      |                            ^~~~~~
/home/runner/work/reSF2/reSF2/engine/renderer/stb_image.h:4574:32: warning: use of old-style cast to ‘stbi_uc*’ {aka ‘unsigned char*’} [-Wold-style-cast]
 4574 |    a.zbuffer_end = (stbi_uc *) buffer+len;
      |                                ^~~~~~
/home/runner/work/reSF2/reSF2/engine/renderer/stb_image.h:4576:57: warning: use of old-style cast to ‘int’ [-Wold-style-cast]
 4576 |       if (outlen) *outlen = (int) (a.zout - a.zout_start);
      |                                                         ^
      |                             -----
      |                             static_cast<int> (           )
/home/runner/work/reSF2/reSF2/engine/renderer/stb_image.h: In function ‘int stbi_zlib_decode_noheader_buffer(char*, int, const char*, int)’:
/home/runner/work/reSF2/reSF2/engine/renderer/stb_image.h:4587:28: warning: use of old-style cast to ‘stbi_uc*’ {aka ‘unsigned char*’} [-Wold-style-cast]
 4587 |    a.zbuffer = (stbi_uc *) ibuffer;
      |                            ^~~~~~~
/home/runner/work/reSF2/reSF2/engine/renderer/stb_image.h:4588:32: warning: use of old-style cast to ‘stbi_uc*’ {aka ‘unsigned char*’} [-Wold-style-cast]
 4588 |    a.zbuffer_end = (stbi_uc *) ibuffer + ilen;
      |                                ^~~~~~~
/home/runner/work/reSF2/reSF2/engine/renderer/stb_image.h:4590:42: warning: use of old-style cast to ‘int’ [-Wold-style-cast]
 4590 |       return (int) (a.zout - a.zout_start);
      |                                          ^
      |              -----
      |              static_cast<int> (           )
/home/runner/work/reSF2/reSF2/engine/renderer/stb_image.h: In function ‘int stbi__create_png_image_raw(stbi__png*, stbi_uc*, stbi__uint32, int, stbi__uint32, stbi__uint32, int, int)’:
/home/runner/work/reSF2/reSF2/engine/renderer/stb_image.h:4712:64: warning: use of old-style cast to ‘stbi_uc*’ {aka ‘unsigned char*’} [-Wold-style-cast]
 4712 |    a->out = (stbi_uc *) stbi__malloc_mad3(x, y, output_bytes, 0); // extra bytes to write off the end into
      |                                                                ^
      |             -----------
      |             static_cast<stbi_uc *> (                            )
/home/runner/work/reSF2/reSF2/engine/renderer/stb_image.h:4728:68: warning: use of old-style cast to ‘stbi_uc*’ {aka ‘unsigned char*’} [-Wold-style-cast]
 4728 |    filter_buf = (stbi_uc *) stbi__malloc_mad2(img_width_bytes, 2, 0);
      |                                                                    ^
      |                 -----------
      |                 static_cast<stbi_uc *> (                            )
/home/runner/work/reSF2/reSF2/engine/renderer/stb_image.h:1730:49: warning: use of old-style cast to ‘stbi_uc’ {aka ‘unsigned char’} [-Wold-style-cast]
 1730 | #define STBI__BYTECAST(x)  ((stbi_uc) ((x) & 255))  // truncate int to byte without warnings
      |                                                 ^
/home/runner/work/reSF2/reSF2/engine/renderer/stb_image.h:4762:22: note: in expansion of macro ‘STBI__BYTECAST’
 4762 |             cur[k] = STBI__BYTECAST(raw[k] + cur[k-filter_bytes]);
      |                      ^~~~~~~~~~~~~~
/home/runner/work/reSF2/reSF2/engine/renderer/stb_image.h:1730:49: warning: use of old-style cast to ‘stbi_uc’ {aka ‘unsigned char’} [-Wold-style-cast]
 1730 | #define STBI__BYTECAST(x)  ((stbi_uc) ((x) & 255))  // truncate int to byte without warnings
      |                                                 ^
/home/runner/work/reSF2/reSF2/engine/renderer/stb_image.h:4766:22: note: in expansion of macro ‘STBI__BYTECAST’
 4766 |             cur[k] = STBI__BYTECAST(raw[k] + prior[k]);
      |                      ^~~~~~~~~~~~~~
/home/runner/work/reSF2/reSF2/engine/renderer/stb_image.h:1730:49: warning: use of old-style cast to ‘stbi_uc’ {aka ‘unsigned char’} [-Wold-style-cast]
 1730 | #define STBI__BYTECAST(x)  ((stbi_uc) ((x) & 255))  // truncate int to byte without warnings
      |                                                 ^
/home/runner/work/reSF2/reSF2/engine/renderer/stb_image.h:4770:22: note: in expansion of macro ‘STBI__BYTECAST’
 4770 |             cur[k] = STBI__BYTECAST(raw[k] + (prior[k]>>1));
      |                      ^~~~~~~~~~~~~~
/home/runner/work/reSF2/reSF2/engine/renderer/stb_image.h:1730:49: warning: use of old-style cast to ‘stbi_uc’ {aka ‘unsigned char’} [-Wold-style-cast]
 1730 | #define STBI__BYTECAST(x)  ((stbi_uc) ((x) & 255))  // truncate int to byte without warnings
      |                                                 ^
/home/runner/work/reSF2/reSF2/engine/renderer/stb_image.h:4772:22: note: in expansion of macro ‘STBI__BYTECAST’
 4772 |             cur[k] = STBI__BYTECAST(raw[k] + ((prior[k] + cur[k-filter_bytes])>>1));
      |                      ^~~~~~~~~~~~~~
/home/runner/work/reSF2/reSF2/engine/renderer/stb_image.h:1730:49: warning: use of old-style cast to ‘stbi_uc’ {aka ‘unsigned char’} [-Wold-style-cast]
 1730 | #define STBI__BYTECAST(x)  ((stbi_uc) ((x) & 255))  // truncate int to byte without warnings
      |                                                 ^
/home/runner/work/reSF2/reSF2/engine/renderer/stb_image.h:4776:22: note: in expansion of macro ‘STBI__BYTECAST’
 4776 |             cur[k] = STBI__BYTECAST(raw[k] + prior[k]); // prior[k] == stbi__paeth(0,prior[k],0)
      |                      ^~~~~~~~~~~~~~
/home/runner/work/reSF2/reSF2/engine/renderer/stb_image.h:1730:49: warning: use of old-style cast to ‘stbi_uc’ {aka ‘unsigned char’} [-Wold-style-cast]
 1730 | #define STBI__BYTECAST(x)  ((stbi_uc) ((x) & 255))  // truncate int to byte without warnings
      |                                                 ^
/home/runner/work/reSF2/reSF2/engine/renderer/stb_image.h:4778:22: note: in expansion of macro ‘STBI__BYTECAST’
 4778 |             cur[k] = STBI__BYTECAST(raw[k] + stbi__paeth(cur[k-filter_bytes], prior[k], prior[k-filter_bytes]));
      |                      ^~~~~~~~~~~~~~
/home/runner/work/reSF2/reSF2/engine/renderer/stb_image.h:1730:49: warning: use of old-style cast to ‘stbi_uc’ {aka ‘unsigned char’} [-Wold-style-cast]
 1730 | #define STBI__BYTECAST(x)  ((stbi_uc) ((x) & 255))  // truncate int to byte without warnings
      |                                                 ^
/home/runner/work/reSF2/reSF2/engine/renderer/stb_image.h:4783:22: note: in expansion of macro ‘STBI__BYTECAST’
 4783 |             cur[k] = STBI__BYTECAST(raw[k] + (cur[k-filter_bytes] >> 1));
      |                      ^~~~~~~~~~~~~~
/home/runner/work/reSF2/reSF2/engine/renderer/stb_image.h:4829:48: warning: use of old-style cast to ‘stbi__uint16*’ {aka ‘short unsigned int*’} [-Wold-style-cast]
 4829 |          stbi__uint16 *dest16 = (stbi__uint16*)dest;
      |                                                ^~~~
      |                                 -------------------
      |                                 reinterpret_cast<stbi__uint16*> (dest)
/home/runner/work/reSF2/reSF2/engine/renderer/stb_image.h: In function ‘int stbi__create_png_image(stbi__png*, stbi_uc*, stbi__uint32, int, int, int, int)’:
/home/runner/work/reSF2/reSF2/engine/renderer/stb_image.h:4871:80: warning: use of old-style cast to ‘stbi_uc*’ {aka ‘unsigned char*’} [-Wold-style-cast]
 4871 |    final = (stbi_uc *) stbi__malloc_mad3(a->s->img_x, a->s->img_y, out_bytes, 0);
      |                                                                                ^
      |            -----------
      |            static_cast<stbi_uc *> (                                             )
/home/runner/work/reSF2/reSF2/engine/renderer/stb_image.h: In function ‘int stbi__compute_transparency16(stbi__png*, stbi__uint16*, int)’:
/home/runner/work/reSF2/reSF2/engine/renderer/stb_image.h:4935:41: warning: use of old-style cast to ‘stbi__uint16*’ {aka ‘short unsigned int*’} [-Wold-style-cast]
 4935 |    stbi__uint16 *p = (stbi__uint16*) z->out;
      |                                         ^~~
      |                      ----------------------
      |                      reinterpret_cast<stbi__uint16*> ( z->out)
/home/runner/work/reSF2/reSF2/engine/renderer/stb_image.h: In function ‘int stbi__expand_png_palette(stbi__png*, stbi_uc*, int, int)’:
/home/runner/work/reSF2/reSF2/engine/renderer/stb_image.h:4961:63: warning: use of old-style cast to ‘stbi_uc*’ {aka ‘unsigned char*’} [-Wold-style-cast]
 4961 |    p = (stbi_uc *) stbi__malloc_mad2(pixel_count, pal_img_n, 0);
      |                                                               ^
      |        -----------
      |        static_cast<stbi_uc *> (                                )
/home/runner/work/reSF2/reSF2/engine/renderer/stb_image.h: In function ‘void stbi__de_iphone(stbi__png*)’:
/home/runner/work/reSF2/reSF2/engine/renderer/stb_image.h:5055:43: warning: conversion from ‘int’ to ‘stbi_uc’ {aka ‘unsigned char’} may change value [-Wconversion]
 5055 |                p[0] = (p[2] * 255 + half) / a;
      |                       ~~~~~~~~~~~~~~~~~~~~^~~
/home/runner/work/reSF2/reSF2/engine/renderer/stb_image.h:5056:43: warning: conversion from ‘int’ to ‘stbi_uc’ {aka ‘unsigned char’} may change value [-Wconversion]
 5056 |                p[1] = (p[1] * 255 + half) / a;
      |                       ~~~~~~~~~~~~~~~~~~~~^~~
/home/runner/work/reSF2/reSF2/engine/renderer/stb_image.h:5057:43: warning: conversion from ‘int’ to ‘stbi_uc’ {aka ‘unsigned char’} may change value [-Wconversion]
 5057 |                p[2] = ( t   * 255 + half) / a;
      |                       ~~~~~~~~~~~~~~~~~~~~^~~
/home/runner/work/reSF2/reSF2/engine/renderer/stb_image.h: In function ‘int stbi__parse_png_file(stbi__png*, int, int)’:
/home/runner/work/reSF2/reSF2/engine/renderer/stb_image.h:5076:49: warning: use of old-style cast to ‘unsigned int’ [-Wold-style-cast]
 5076 | #define STBI__PNG_TYPE(a,b,c,d)  (((unsigned) (a) << 24) + ((unsigned) (b) << 16) + ((unsigned) (c) << 8) + (unsigned) (d))
      |                                                 ^
/home/runner/work/reSF2/reSF2/engine/renderer/stb_image.h:5098:15: note: in expansion of macro ‘STBI__PNG_TYPE’
 5098 |          case STBI__PNG_TYPE('C','g','B','I'):
      |               ^~~~~~~~~~~~~~
/home/runner/work/reSF2/reSF2/engine/renderer/stb_image.h:5076:74: warning: use of old-style cast to ‘unsigned int’ [-Wold-style-cast]
 5076 | #define STBI__PNG_TYPE(a,b,c,d)  (((unsigned) (a) << 24) + ((unsigned) (b) << 16) + ((unsigned) (c) << 8) + (unsigned) (d))
      |                                                                          ^
/home/runner/work/reSF2/reSF2/engine/renderer/stb_image.h:5098:15: note: in expansion of macro ‘STBI__PNG_TYPE’
 5098 |          case STBI__PNG_TYPE('C','g','B','I'):
      |               ^~~~~~~~~~~~~~
/home/runner/work/reSF2/reSF2/engine/renderer/stb_image.h:5076:99: warning: use of old-style cast to ‘unsigned int’ [-Wold-style-cast]
 5076 | #define STBI__PNG_TYPE(a,b,c,d)  (((unsigned) (a) << 24) + ((unsigned) (b) << 16) + ((unsigned) (c) << 8) + (unsigned) (d))
      |                                                                                                   ^
/home/runner/work/reSF2/reSF2/engine/renderer/stb_image.h:5098:15: note: in expansion of macro ‘STBI__PNG_TYPE’
 5098 |          case STBI__PNG_TYPE('C','g','B','I'):
      |               ^~~~~~~~~~~~~~
/home/runner/work/reSF2/reSF2/engine/renderer/stb_image.h:5076:122: warning: use of old-style cast to ‘unsigned int’ [-Wold-style-cast]
 5076 | #define STBI__PNG_TYPE(a,b,c,d)  (((unsigned) (a) << 24) + ((unsigned) (b) << 16) + ((unsigned) (c) << 8) + (unsigned) (d))
      |                                                                                                                          ^
/home/runner/work/reSF2/reSF2/engine/renderer/stb_image.h:5098:15: note: in expansion of macro ‘STBI__PNG_TYPE’
 5098 |          case STBI__PNG_TYPE('C','g','B','I'):
      |               ^~~~~~~~~~~~~~
/home/runner/work/reSF2/reSF2/engine/renderer/stb_image.h:5076:49: warning: use of old-style cast to ‘unsigned int’ [-Wold-style-cast]
 5076 | #define STBI__PNG_TYPE(a,b,c,d)  (((unsigned) (a) << 24) + ((unsigned) (b) << 16) + ((unsigned) (c) << 8) + (unsigned) (d))
      |                                                 ^
/home/runner/work/reSF2/reSF2/engine/renderer/stb_image.h:5102:15: note: in expansion of macro ‘STBI__PNG_TYPE’
 5102 |          case STBI__PNG_TYPE('I','H','D','R'): {
      |               ^~~~~~~~~~~~~~
/home/runner/work/reSF2/reSF2/engine/renderer/stb_image.h:5076:74: warning: use of old-style cast to ‘unsigned int’ [-Wold-style-cast]
 5076 | #define STBI__PNG_TYPE(a,b,c,d)  (((unsigned) (a) << 24) + ((unsigned) (b) << 16) + ((unsigned) (c) << 8) + (unsigned) (d))
      |                                                                          ^
/home/runner/work/reSF2/reSF2/engine/renderer/stb_image.h:5102:15: note: in expansion of macro ‘STBI__PNG_TYPE’
 5102 |          case STBI__PNG_TYPE('I','H','D','R'): {
      |               ^~~~~~~~~~~~~~
/home/runner/work/reSF2/reSF2/engine/renderer/stb_image.h:5076:99: warning: use of old-style cast to ‘unsigned int’ [-Wold-style-cast]
 5076 | #define STBI__PNG_TYPE(a,b,c,d)  (((unsigned) (a) << 24) + ((unsigned) (b) << 16) + ((unsigned) (c) << 8) + (unsigned) (d))
      |                                                                                                   ^
/home/runner/work/reSF2/reSF2/engine/renderer/stb_image.h:5102:15: note: in expansion of macro ‘STBI__PNG_TYPE’
 5102 |          case STBI__PNG_TYPE('I','H','D','R'): {
      |               ^~~~~~~~~~~~~~
/home/runner/work/reSF2/reSF2/engine/renderer/stb_image.h:5076:122: warning: use of old-style cast to ‘unsigned int’ [-Wold-style-cast]
 5076 | #define STBI__PNG_TYPE(a,b,c,d)  (((unsigned) (a) << 24) + ((unsigned) (b) << 16) + ((unsigned) (c) << 8) + (unsigned) (d))
      |                                                                                                                          ^
/home/runner/work/reSF2/reSF2/engine/renderer/stb_image.h:5102:15: note: in expansion of macro ‘STBI__PNG_TYPE’
 5102 |          case STBI__PNG_TYPE('I','H','D','R'): {
      |               ^~~~~~~~~~~~~~
/home/runner/work/reSF2/reSF2/engine/renderer/stb_image.h:5076:49: warning: use of old-style cast to ‘unsigned int’ [-Wold-style-cast]
 5076 | #define STBI__PNG_TYPE(a,b,c,d)  (((unsigned) (a) << 24) + ((unsigned) (b) << 16) + ((unsigned) (c) << 8) + (unsigned) (d))
      |                                                 ^
/home/runner/work/reSF2/reSF2/engine/renderer/stb_image.h:5132:15: note: in expansion of macro ‘STBI__PNG_TYPE’
 5132 |          case STBI__PNG_TYPE('P','L','T','E'):  {
      |               ^~~~~~~~~~~~~~
/home/runner/work/reSF2/reSF2/engine/renderer/stb_image.h:5076:74: warning: use of old-style cast to ‘unsigned int’ [-Wold-style-cast]
 5076 | #define STBI__PNG_TYPE(a,b,c,d)  (((unsigned) (a) << 24) + ((unsigned) (b) << 16) + ((unsigned) (c) << 8) + (unsigned) (d))
      |                                                                          ^
/home/runner/work/reSF2/reSF2/engine/renderer/stb_image.h:5132:15: note: in expansion of macro ‘STBI__PNG_TYPE’
 5132 |          case STBI__PNG_TYPE('P','L','T','E'):  {
      |               ^~~~~~~~~~~~~~
/home/runner/work/reSF2/reSF2/engine/renderer/stb_image.h:5076:99: warning: use of old-style cast to ‘unsigned int’ [-Wold-style-cast]
 5076 | #define STBI__PNG_TYPE(a,b,c,d)  (((unsigned) (a) << 24) + ((unsigned) (b) << 16) + ((unsigned) (c) << 8) + (unsigned) (d))
      |                                                                                                   ^
/home/runner/work/reSF2/reSF2/engine/renderer/stb_image.h:5132:15: note: in expansion of macro ‘STBI__PNG_TYPE’
 5132 |          case STBI__PNG_TYPE('P','L','T','E'):  {
      |               ^~~~~~~~~~~~~~
/home/runner/work/reSF2/reSF2/engine/renderer/stb_image.h:5076:122: warning: use of old-style cast to ‘unsigned int’ [-Wold-style-cast]
 5076 | #define STBI__PNG_TYPE(a,b,c,d)  (((unsigned) (a) << 24) + ((unsigned) (b) << 16) + ((unsigned) (c) << 8) + (unsigned) (d))
      |                                                                                                                          ^
/home/runner/work/reSF2/reSF2/engine/renderer/stb_image.h:5132:15: note: in expansion of macro ‘STBI__PNG_TYPE’
 5132 |          case STBI__PNG_TYPE('P','L','T','E'):  {
      |               ^~~~~~~~~~~~~~
/home/runner/work/reSF2/reSF2/engine/renderer/stb_image.h:5076:49: warning: use of old-style cast to ‘unsigned int’ [-Wold-style-cast]
 5076 | #define STBI__PNG_TYPE(a,b,c,d)  (((unsigned) (a) << 24) + ((unsigned) (b) << 16) + ((unsigned) (c) << 8) + (unsigned) (d))
      |                                                 ^
/home/runner/work/reSF2/reSF2/engine/renderer/stb_image.h:5146:15: note: in expansion of macro ‘STBI__PNG_TYPE’
 5146 |          case STBI__PNG_TYPE('t','R','N','S'): {
      |               ^~~~~~~~~~~~~~
/home/runner/work/reSF2/reSF2/engine/renderer/stb_image.h:5076:74: warning: use of old-style cast to ‘unsigned int’ [-Wold-style-cast]
 5076 | #define STBI__PNG_TYPE(a,b,c,d)  (((unsigned) (a) << 24) + ((unsigned) (b) << 16) + ((unsigned) (c) << 8) + (unsigned) (d))
      |                                                                          ^
/home/runner/work/reSF2/reSF2/engine/renderer/stb_image.h:5146:15: note: in expansion of macro ‘STBI__PNG_TYPE’
 5146 |          case STBI__PNG_TYPE('t','R','N','S'): {
      |               ^~~~~~~~~~~~~~
/home/runner/work/reSF2/reSF2/engine/renderer/stb_image.h:5076:99: warning: use of old-style cast to ‘unsigned int’ [-Wold-style-cast]
 5076 | #define STBI__PNG_TYPE(a,b,c,d)  (((unsigned) (a) << 24) + ((unsigned) (b) << 16) + ((unsigned) (c) << 8) + (unsigned) (d))
      |                                                                                                   ^
/home/runner/work/reSF2/reSF2/engine/renderer/stb_image.h:5146:15: note: in expansion of macro ‘STBI__PNG_TYPE’
 5146 |          case STBI__PNG_TYPE('t','R','N','S'): {
      |               ^~~~~~~~~~~~~~
/home/runner/work/reSF2/reSF2/engine/renderer/stb_image.h:5076:122: warning: use of old-style cast to ‘unsigned int’ [-Wold-style-cast]
 5076 | #define STBI__PNG_TYPE(a,b,c,d)  (((unsigned) (a) << 24) + ((unsigned) (b) << 16) + ((unsigned) (c) << 8) + (unsigned) (d))
      |                                                                                                                          ^
/home/runner/work/reSF2/reSF2/engine/renderer/stb_image.h:5146:15: note: in expansion of macro ‘STBI__PNG_TYPE’
 5146 |          case STBI__PNG_TYPE('t','R','N','S'): {
      |               ^~~~~~~~~~~~~~
/home/runner/work/reSF2/reSF2/engine/renderer/stb_image.h:5158:50: warning: use of old-style cast to ‘stbi__uint32’ {aka ‘unsigned int’} [-Wold-style-cast]
 5158 |                if (c.length != (stbi__uint32) s->img_n*2) return stbi__err("bad tRNS len","Corrupt PNG");
      |                                                  ^~~~~
      |                                -
      |                                static_cast< -
      |                                             > (       )
/home/runner/work/reSF2/reSF2/engine/renderer/stb_image.h:5164:61: warning: use of old-style cast to ‘stbi__uint16’ {aka ‘short unsigned int’} [-Wold-style-cast]
 5164 |                      tc16[k] = (stbi__uint16)stbi__get16be(s); // copy the values as-is
      |                                                             ^
      |                                -
      |                                static_cast< -
      |                                             > (              )
/home/runner/work/reSF2/reSF2/engine/renderer/stb_image.h:5167:62: warning: use of old-style cast to ‘stbi_uc’ {aka ‘unsigned char’} [-Wold-style-cast]
 5167 |                      tc[k] = (stbi_uc)(stbi__get16be(s) & 255) * stbi__depth_scale_table[z->depth]; // non 8-bit images will be larger
      |                                                              ^
      |                              ---------
      |                              static_cast<stbi_uc> (           )
/home/runner/work/reSF2/reSF2/engine/renderer/stb_image.h:5076:49: warning: use of old-style cast to ‘unsigned int’ [-Wold-style-cast]
 5076 | #define STBI__PNG_TYPE(a,b,c,d)  (((unsigned) (a) << 24) + ((unsigned) (b) << 16) + ((unsigned) (c) << 8) + (unsigned) (d))
      |                                                 ^
/home/runner/work/reSF2/reSF2/engine/renderer/stb_image.h:5173:15: note: in expansion of macro ‘STBI__PNG_TYPE’
 5173 |          case STBI__PNG_TYPE('I','D','A','T'): {
      |               ^~~~~~~~~~~~~~
/home/runner/work/reSF2/reSF2/engine/renderer/stb_image.h:5076:74: warning: use of old-style cast to ‘unsigned int’ [-Wold-style-cast]
 5076 | #define STBI__PNG_TYPE(a,b,c,d)  (((unsigned) (a) << 24) + ((unsigned) (b) << 16) + ((unsigned) (c) << 8) + (unsigned) (d))
      |                                                                          ^
/home/runner/work/reSF2/reSF2/engine/renderer/stb_image.h:5173:15: note: in expansion of macro ‘STBI__PNG_TYPE’
 5173 |          case STBI__PNG_TYPE('I','D','A','T'): {
      |               ^~~~~~~~~~~~~~
/home/runner/work/reSF2/reSF2/engine/renderer/stb_image.h:5076:99: warning: use of old-style cast to ‘unsigned int’ [-Wold-style-cast]
 5076 | #define STBI__PNG_TYPE(a,b,c,d)  (((unsigned) (a) << 24) + ((unsigned) (b) << 16) + ((unsigned) (c) << 8) + (unsigned) (d))
      |                                                                                                   ^
/home/runner/work/reSF2/reSF2/engine/renderer/stb_image.h:5173:15: note: in expansion of macro ‘STBI__PNG_TYPE’
 5173 |          case STBI__PNG_TYPE('I','D','A','T'): {
      |               ^~~~~~~~~~~~~~
/home/runner/work/reSF2/reSF2/engine/renderer/stb_image.h:5076:122: warning: use of old-style cast to ‘unsigned int’ [-Wold-style-cast]
 5076 | #define STBI__PNG_TYPE(a,b,c,d)  (((unsigned) (a) << 24) + ((unsigned) (b) << 16) + ((unsigned) (c) << 8) + (unsigned) (d))
      |                                                                                                                          ^
/home/runner/work/reSF2/reSF2/engine/renderer/stb_image.h:5173:15: note: in expansion of macro ‘STBI__PNG_TYPE’
 5173 |          case STBI__PNG_TYPE('I','D','A','T'): {
      |               ^~~~~~~~~~~~~~
/home/runner/work/reSF2/reSF2/engine/renderer/stb_image.h:5183:38: warning: use of old-style cast to ‘int’ [-Wold-style-cast]
 5183 |             if ((int)(ioff + c.length) < (int)ioff) return 0;
      |                                      ^
      |                 -----
      |                 static_cast<int> (    )
/home/runner/work/reSF2/reSF2/engine/renderer/stb_image.h:5183:47: warning: use of old-style cast to ‘int’ [-Wold-style-cast]
 5183 |             if ((int)(ioff + c.length) < (int)ioff) return 0;
      |                                               ^~~~
      |                                          ---------
      |                                          static_cast<int> (ioff)
/home/runner/work/reSF2/reSF2/engine/renderer/stb_image.h:683:50: warning: use of old-style cast to ‘stbi_uc*’ {aka ‘unsigned char*’} [-Wold-style-cast]
  683 | #define STBI_REALLOC(p,newsz)     realloc(p,newsz)
      |                                                  ^
/home/runner/work/reSF2/reSF2/engine/renderer/stb_image.h:688:43: note: in expansion of macro ‘STBI_REALLOC’
  688 | #define STBI_REALLOC_SIZED(p,oldsz,newsz) STBI_REALLOC(p,newsz)
      |                                           ^~~~~~~~~~~~
/home/runner/work/reSF2/reSF2/engine/renderer/stb_image.h:5191:32: note: in expansion of macro ‘STBI_REALLOC_SIZED’
 5191 |                p = (stbi_uc *) STBI_REALLOC_SIZED(z->idata, idata_limit_old, idata_limit); if (p == NULL) return stbi__err("outofmem", "Out of memory");
      |                                ^~~~~~~~~~~~~~~~~~
/home/runner/work/reSF2/reSF2/engine/renderer/stb_image.h:5076:49: warning: use of old-style cast to ‘unsigned int’ [-Wold-style-cast]
 5076 | #define STBI__PNG_TYPE(a,b,c,d)  (((unsigned) (a) << 24) + ((unsigned) (b) << 16) + ((unsigned) (c) << 8) + (unsigned) (d))
      |                                                 ^
/home/runner/work/reSF2/reSF2/engine/renderer/stb_image.h:5199:15: note: in expansion of macro ‘STBI__PNG_TYPE’
 5199 |          case STBI__PNG_TYPE('I','E','N','D'): {
      |               ^~~~~~~~~~~~~~
/home/runner/work/reSF2/reSF2/engine/renderer/stb_image.h:5076:74: warning: use of old-style cast to ‘unsigned int’ [-Wold-style-cast]
 5076 | #define STBI__PNG_TYPE(a,b,c,d)  (((unsigned) (a) << 24) + ((unsigned) (b) << 16) + ((unsigned) (c) << 8) + (unsigned) (d))
      |                                                                          ^
/home/runner/work/reSF2/reSF2/engine/renderer/stb_image.h:5199:15: note: in expansion of macro ‘STBI__PNG_TYPE’
 5199 |          case STBI__PNG_TYPE('I','E','N','D'): {
      |               ^~~~~~~~~~~~~~
/home/runner/work/reSF2/reSF2/engine/renderer/stb_image.h:5076:99: warning: use of old-style cast to ‘unsigned int’ [-Wold-style-cast]
 5076 | #define STBI__PNG_TYPE(a,b,c,d)  (((unsigned) (a) << 24) + ((unsigned) (b) << 16) + ((unsigned) (c) << 8) + (unsigned) (d))
      |                                                                                                   ^
/home/runner/work/reSF2/reSF2/engine/renderer/stb_image.h:5199:15: note: in expansion of macro ‘STBI__PNG_TYPE’
 5199 |          case STBI__PNG_TYPE('I','E','N','D'): {
      |               ^~~~~~~~~~~~~~
/home/runner/work/reSF2/reSF2/engine/renderer/stb_image.h:5076:122: warning: use of old-style cast to ‘unsigned int’ [-Wold-style-cast]
 5076 | #define STBI__PNG_TYPE(a,b,c,d)  (((unsigned) (a) << 24) + ((unsigned) (b) << 16) + ((unsigned) (c) << 8) + (unsigned) (d))
      |                                                                                                                          ^
/home/runner/work/reSF2/reSF2/engine/renderer/stb_image.h:5199:15: note: in expansion of macro ‘STBI__PNG_TYPE’
 5199 |          case STBI__PNG_TYPE('I','E','N','D'): {
      |               ^~~~~~~~~~~~~~
/home/runner/work/reSF2/reSF2/engine/renderer/stb_image.h:5207:96: warning: use of old-style cast to ‘char*’ [-Wold-style-cast]
 5207 |             z->expanded = (stbi_uc *) stbi_zlib_decode_malloc_guesssize_headerflag((char *) z->idata, ioff, raw_len, (int *) &raw_len, !is_iphone);
      |                                                                                                ^~~~~
      |                                                                                    -----------------
      |                                                                                    reinterpret_cast<char *> ( z->idata)
/home/runner/work/reSF2/reSF2/engine/renderer/stb_image.h:5207:127: warning: use of old-style cast to ‘int*’ [-Wold-style-cast]
 5207 |             z->expanded = (stbi_uc *) stbi_zlib_decode_malloc_guesssize_headerflag((char *) z->idata, ioff, raw_len, (int *) &raw_len, !is_iphone);
      |                                                                                                                               ^~~~~~~
      |                                                                                                                      ----------------
      |                                                                                                                      reinterpret_cast<int *> ( &raw_len)
/home/runner/work/reSF2/reSF2/engine/renderer/stb_image.h:5207:146: warning: use of old-style cast to ‘stbi_uc*’ {aka ‘unsigned char*’} [-Wold-style-cast]
 5207 |             z->expanded = (stbi_uc *) stbi_zlib_decode_malloc_guesssize_headerflag((char *) z->idata, ioff, raw_len, (int *) &raw_len, !is_iphone);
      |                                                                                                                                                  ^
      |                           -----------
      |                           reinterpret_cast<stbi_uc *> (                                                                                           )
/home/runner/work/reSF2/reSF2/engine/renderer/stb_image.h:1730:49: warning: use of old-style cast to ‘stbi_uc’ {aka ‘unsigned char’} [-Wold-style-cast]
 1730 | #define STBI__BYTECAST(x)  ((stbi_uc) ((x) & 255))  // truncate int to byte without warnings
      |                                                 ^
/home/runner/work/reSF2/reSF2/engine/renderer/stb_image.h:5248:35: note: in expansion of macro ‘STBI__BYTECAST’
 5248 |                invalid_chunk[0] = STBI__BYTECAST(c.type >> 24);
      |                                   ^~~~~~~~~~~~~~
/home/runner/work/reSF2/reSF2/engine/renderer/stb_image.h:1730:49: warning: use of old-style cast to ‘stbi_uc’ {aka ‘unsigned char’} [-Wold-style-cast]
 1730 | #define STBI__BYTECAST(x)  ((stbi_uc) ((x) & 255))  // truncate int to byte without warnings
      |                                                 ^
/home/runner/work/reSF2/reSF2/engine/renderer/stb_image.h:5249:35: note: in expansion of macro ‘STBI__BYTECAST’
 5249 |                invalid_chunk[1] = STBI__BYTECAST(c.type >> 16);
      |                                   ^~~~~~~~~~~~~~
/home/runner/work/reSF2/reSF2/engine/renderer/stb_image.h:1730:49: warning: use of old-style cast to ‘stbi_uc’ {aka ‘unsigned char’} [-Wold-style-cast]
 1730 | #define STBI__BYTECAST(x)  ((stbi_uc) ((x) & 255))  // truncate int to byte without warnings
      |                                                 ^
/home/runner/work/reSF2/reSF2/engine/renderer/stb_image.h:5250:35: note: in expansion of macro ‘STBI__BYTECAST’
 5250 |                invalid_chunk[2] = STBI__BYTECAST(c.type >>  8);
      |                                   ^~~~~~~~~~~~~~
/home/runner/work/reSF2/reSF2/engine/renderer/stb_image.h:1730:49: warning: use of old-style cast to ‘stbi_uc’ {aka ‘unsigned char’} [-Wold-style-cast]
 1730 | #define STBI__BYTECAST(x)  ((stbi_uc) ((x) & 255))  // truncate int to byte without warnings
      |                                                 ^
/home/runner/work/reSF2/reSF2/engine/renderer/stb_image.h:5251:35: note: in expansion of macro ‘STBI__BYTECAST’
 5251 |                invalid_chunk[3] = STBI__BYTECAST(c.type >>  0);
      |                                   ^~~~~~~~~~~~~~
/home/runner/work/reSF2/reSF2/engine/renderer/stb_image.h: In function ‘void* stbi__do_png(stbi__png*, int*, int*, int*, int, stbi__result_info*)’:
/home/runner/work/reSF2/reSF2/engine/renderer/stb_image.h:1099:80: warning: use of old-style cast to ‘size_t’ {aka ‘long unsigned int’} [-Wold-style-cast]
 1099 | #define stbi__errpuc(x,y)  ((unsigned char *)(size_t) (stbi__err(x,y)?NULL:NULL))
      |                                                                                ^
/home/runner/work/reSF2/reSF2/engine/renderer/stb_image.h:5266:45: note: in expansion of macro ‘stbi__errpuc’
 5266 |    if (req_comp < 0 || req_comp > 4) return stbi__errpuc("bad req_comp", "Internal error");
      |                                             ^~~~~~~~~~~~
/home/runner/work/reSF2/reSF2/engine/renderer/stb_image.h:1099:80: warning: use of old-style cast to ‘unsigned char*’ [-Wold-style-cast]
 1099 | #define stbi__errpuc(x,y)  ((unsigned char *)(size_t) (stbi__err(x,y)?NULL:NULL))
      |                                                                                ^
/home/runner/work/reSF2/reSF2/engine/renderer/stb_image.h:5266:45: note: in expansion of macro ‘stbi__errpuc’
 5266 |    if (req_comp < 0 || req_comp > 4) return stbi__errpuc("bad req_comp", "Internal error");
      |                                             ^~~~~~~~~~~~
/home/runner/work/reSF2/reSF2/engine/renderer/stb_image.h:1099:80: warning: use of old-style cast to ‘size_t’ {aka ‘long unsigned int’} [-Wold-style-cast]
 1099 | #define stbi__errpuc(x,y)  ((unsigned char *)(size_t) (stbi__err(x,y)?NULL:NULL))
      |                                                                                ^
/home/runner/work/reSF2/reSF2/engine/renderer/stb_image.h:5273:17: note: in expansion of macro ‘stbi__errpuc’
 5273 |          return stbi__errpuc("bad bits_per_channel", "PNG not supported: unsupported color depth");
      |                 ^~~~~~~~~~~~
/home/runner/work/reSF2/reSF2/engine/renderer/stb_image.h:1099:80: warning: use of old-style cast to ‘unsigned char*’ [-Wold-style-cast]
 1099 | #define stbi__errpuc(x,y)  ((unsigned char *)(size_t) (stbi__err(x,y)?NULL:NULL))
      |                                                                                ^
/home/runner/work/reSF2/reSF2/engine/renderer/stb_image.h:5273:17: note: in expansion of macro ‘stbi__errpuc’
 5273 |          return stbi__errpuc("bad bits_per_channel", "PNG not supported: unsupported color depth");
      |                 ^~~~~~~~~~~~
/home/runner/work/reSF2/reSF2/engine/renderer/stb_image.h:5278:61: warning: use of old-style cast to ‘unsigned char*’ [-Wold-style-cast]
 5278 |             result = stbi__convert_format((unsigned char *) result, p->s->img_out_n, req_comp, p->s->img_x, p->s->img_y);
      |                                                             ^~~~~~
      |                                           -
      |                                           static_cast<    -
      |                                                           > (     )
/home/runner/work/reSF2/reSF2/engine/renderer/stb_image.h:5280:62: warning: use of old-style cast to ‘stbi__uint16*’ {aka ‘short unsigned int*’} [-Wold-style-cast]
 5280 |             result = stbi__convert_format16((stbi__uint16 *) result, p->s->img_out_n, req_comp, p->s->img_x, p->s->img_y);
      |                                                              ^~~~~~
      |                                             -
      |                                             static_cast<   -
      |                                                            > (     )
/home/runner/work/reSF2/reSF2/engine/renderer/stb_image.h: In function ‘int stbi_info_from_callbacks(const stbi_io_callbacks*, void*, int*, int*, int*)’:
/home/runner/work/reSF2/reSF2/engine/renderer/stb_image.h:7744:52: warning: use of old-style cast to ‘struct stbi_io_callbacks*’ [-Wold-style-cast]
 7744 |    stbi__start_callbacks(&s, (stbi_io_callbacks *) c, user);
      |                                                    ^
      |                              -
      |                              const_cast<         -
      |                                                  > ()
/home/runner/work/reSF2/reSF2/engine/renderer/stb_image.h: In function ‘int stbi_is_16_bit_from_callbacks(const stbi_io_callbacks*, void*)’:
/home/runner/work/reSF2/reSF2/engine/renderer/stb_image.h:7758:52: warning: use of old-style cast to ‘struct stbi_io_callbacks*’ [-Wold-style-cast]
 7758 |    stbi__start_callbacks(&s, (stbi_io_callbacks *) c, user);
      |                                                    ^
      |                              -
      |                              const_cast<         -
      |                                                  > ()
In file included from /home/runner/work/reSF2/reSF2/engine/renderer/stb_image_impl.cpp:15:
/home/runner/work/reSF2/reSF2/engine/renderer/stb_image_write.h: In function ‘void stbi__stdio_write(void*, void*, int)’:
/home/runner/work/reSF2/reSF2/engine/renderer/stb_image_write.h:286:31: warning: use of old-style cast to ‘FILE*’ [-Wold-style-cast]
  286 |    fwrite(data,1,size,(FILE*) context);
      |                               ^~~~~~~
      |                       ---------------
      |                       static_cast<FILE*> ( context)
/home/runner/work/reSF2/reSF2/engine/renderer/stb_image_write.h: In function ‘int stbi__start_write_file(stbi__write_context*, const char*)’:
/home/runner/work/reSF2/reSF2/engine/renderer/stb_image_write.h:335:63: warning: use of old-style cast to ‘void*’ [-Wold-style-cast]
  335 |    stbi__start_write_callbacks(s, stbi__stdio_write, (void *) f);
      |                                                               ^
      |                                                      ----------
      |                                                      static_cast<void *> ( f)
/home/runner/work/reSF2/reSF2/engine/renderer/stb_image_write.h: In function ‘void stbi__end_write_file(stbi__write_context*)’:
/home/runner/work/reSF2/reSF2/engine/renderer/stb_image_write.h:341:22: warning: use of old-style cast to ‘FILE*’ [-Wold-style-cast]
  341 |    fclose((FILE *)s->context);
      |                      ^~~~~~~
      |           ------------------
      |           static_cast<FILE *> (s->context)
/home/runner/work/reSF2/reSF2/engine/renderer/stb_image_write.h: In function ‘void stbiw__writefv(stbi__write_context*, const char*, __va_list_tag*)’:
/home/runner/work/reSF2/reSF2/engine/renderer/stb_image_write.h:248:51: warning: use of old-style cast to ‘unsigned char’ [-Wold-style-cast]
  248 | #define STBIW_UCHAR(x) (unsigned char) ((x) & 0xff)
      |                                                   ^
/home/runner/work/reSF2/reSF2/engine/renderer/stb_image_write.h:354:40: note: in expansion of macro ‘STBIW_UCHAR’
  354 |          case '1': { unsigned char x = STBIW_UCHAR(va_arg(v, int));
      |                                        ^~~~~~~~~~~
/home/runner/work/reSF2/reSF2/engine/renderer/stb_image_write.h:248:51: warning: use of old-style cast to ‘unsigned char’ [-Wold-style-cast]
  248 | #define STBIW_UCHAR(x) (unsigned char) ((x) & 0xff)
      |                                                   ^
/home/runner/work/reSF2/reSF2/engine/renderer/stb_image_write.h:359:29: note: in expansion of macro ‘STBIW_UCHAR’
  359 |                      b[0] = STBIW_UCHAR(x);
      |                             ^~~~~~~~~~~
/home/runner/work/reSF2/reSF2/engine/renderer/stb_image_write.h:248:51: warning: use of old-style cast to ‘unsigned char’ [-Wold-style-cast]
  248 | #define STBIW_UCHAR(x) (unsigned char) ((x) & 0xff)
      |                                                   ^
/home/runner/work/reSF2/reSF2/engine/renderer/stb_image_write.h:360:29: note: in expansion of macro ‘STBIW_UCHAR’
  360 |                      b[1] = STBIW_UCHAR(x>>8);
      |                             ^~~~~~~~~~~
/home/runner/work/reSF2/reSF2/engine/renderer/stb_image_write.h:248:51: warning: use of old-style cast to ‘unsigned char’ [-Wold-style-cast]
  248 | #define STBIW_UCHAR(x) (unsigned char) ((x) & 0xff)
      |                                                   ^
/home/runner/work/reSF2/reSF2/engine/renderer/stb_image_write.h:365:27: note: in expansion of macro ‘STBIW_UCHAR’
  365 |                      b[0]=STBIW_UCHAR(x);
      |                           ^~~~~~~~~~~
/home/runner/work/reSF2/reSF2/engine/renderer/stb_image_write.h:248:51: warning: use of old-style cast to ‘unsigned char’ [-Wold-style-cast]
  248 | #define STBIW_UCHAR(x) (unsigned char) ((x) & 0xff)
      |                                                   ^
/home/runner/work/reSF2/reSF2/engine/renderer/stb_image_write.h:366:27: note: in expansion of macro ‘STBIW_UCHAR’
  366 |                      b[1]=STBIW_UCHAR(x>>8);
      |                           ^~~~~~~~~~~
/home/runner/work/reSF2/reSF2/engine/renderer/stb_image_write.h:248:51: warning: use of old-style cast to ‘unsigned char’ [-Wold-style-cast]
  248 | #define STBIW_UCHAR(x) (unsigned char) ((x) & 0xff)
      |                                                   ^
/home/runner/work/reSF2/reSF2/engine/renderer/stb_image_write.h:367:27: note: in expansion of macro ‘STBIW_UCHAR’
  367 |                      b[2]=STBIW_UCHAR(x>>16);
      |                           ^~~~~~~~~~~
/home/runner/work/reSF2/reSF2/engine/renderer/stb_image_write.h:248:51: warning: use of old-style cast to ‘unsigned char’ [-Wold-style-cast]
  248 | #define STBIW_UCHAR(x) (unsigned char) ((x) & 0xff)
      |                                                   ^
/home/runner/work/reSF2/reSF2/engine/renderer/stb_image_write.h:368:27: note: in expansion of macro ‘STBIW_UCHAR’
  368 |                      b[3]=STBIW_UCHAR(x>>24);
      |                           ^~~~~~~~~~~
/home/runner/work/reSF2/reSF2/engine/renderer/stb_image_write.h: In function ‘void stbiw__write1(stbi__write_context*, unsigned char)’:
/home/runner/work/reSF2/reSF2/engine/renderer/stb_image_write.h:401:19: warning: use of old-style cast to ‘size_t’ {aka ‘long unsigned int’} [-Wold-style-cast]
  401 |    if ((size_t)s->buf_used + 1 > sizeof(s->buffer))
      |                   ^~~~~~~~
      |        -------------------
      |        static_cast<size_t> (s->buf_used)
/home/runner/work/reSF2/reSF2/engine/renderer/stb_image_write.h: In function ‘void stbiw__write3(stbi__write_context*, unsigned char, unsigned char, unsigned char)’:
/home/runner/work/reSF2/reSF2/engine/renderer/stb_image_write.h:409:19: warning: use of old-style cast to ‘size_t’ {aka ‘long unsigned int’} [-Wold-style-cast]
  409 |    if ((size_t)s->buf_used + 3 > sizeof(s->buffer))
      |                   ^~~~~~~~
      |        -------------------
      |        static_cast<size_t> (s->buf_used)
/home/runner/work/reSF2/reSF2/engine/renderer/stb_image_write.h: In function ‘void stbiw__write_pixel(stbi__write_context*, int, int, int, int, unsigned char*)’:
/home/runner/work/reSF2/reSF2/engine/renderer/stb_image_write.h:438:30: warning: conversion from ‘int’ to ‘unsigned char’ may change value [-Wconversion]
  438 |                px[k] = bg[k] + ((d[k] - bg[k]) * d[3]) / 255;
      |                        ~~~~~~^~~~~~~~~~~~~~~~~~~~~~~~~~~~~~~
/home/runner/work/reSF2/reSF2/engine/renderer/stb_image_write.h: In function ‘void stbiw__write_pixels(stbi__write_context*, int, int, int, int, int, void*, int, int, int)’:
/home/runner/work/reSF2/reSF2/engine/renderer/stb_image_write.h:470:47: warning: use of old-style cast to ‘unsigned char*’ [-Wold-style-cast]
  470 |          unsigned char *d = (unsigned char *) data + (j*x+i)*comp;
      |                                               ^~~~
      |                             -
      |                             static_cast<    -
      |                                             > (   )
/home/runner/work/reSF2/reSF2/engine/renderer/stb_image_write.h: In function ‘int stbi_write_bmp_core(stbi__write_context*, int, int, int, const void*)’:
/home/runner/work/reSF2/reSF2/engine/renderer/stb_image_write.h:497:57: warning: use of old-style cast to ‘void*’ [-Wold-style-cast]
  497 |       return stbiw__outfile(s,-1,-1,x,y,comp,1,(void *) data,0,pad,
      |                                                         ^~~~
      |                                                -------------
      |                                                const_cast<void *> ( data)
/home/runner/work/reSF2/reSF2/engine/renderer/stb_image_write.h:505:56: warning: use of old-style cast to ‘void*’ [-Wold-style-cast]
  505 |       return stbiw__outfile(s,-1,-1,x,y,comp,1,(void *)data,1,0,
      |                                                        ^~~~
      |                                                ------------
      |                                                const_cast<void *> (data)
/home/runner/work/reSF2/reSF2/engine/renderer/stb_image_write.h: In function ‘int stbi_write_bmp_to_func(void (*)(void*, void*, int), void*, int, int, int, const void*)’:
/home/runner/work/reSF2/reSF2/engine/renderer/stb_image_write.h:514:32: warning: missing initializer for member ‘stbi__write_context::context’ [-Wmissing-field-initializers]
  514 |    stbi__write_context s = { 0 };
      |                                ^
/home/runner/work/reSF2/reSF2/engine/renderer/stb_image_write.h:514:32: warning: missing initializer for member ‘stbi__write_context::buffer’ [-Wmissing-field-initializers]
/home/runner/work/reSF2/reSF2/engine/renderer/stb_image_write.h:514:32: warning: missing initializer for member ‘stbi__write_context::buf_used’ [-Wmissing-field-initializers]
/home/runner/work/reSF2/reSF2/engine/renderer/stb_image_write.h: In function ‘int stbi_write_bmp(const char*, int, int, int, const void*)’:
/home/runner/work/reSF2/reSF2/engine/renderer/stb_image_write.h:522:32: warning: missing initializer for member ‘stbi__write_context::context’ [-Wmissing-field-initializers]
  522 |    stbi__write_context s = { 0 };
      |                                ^
/home/runner/work/reSF2/reSF2/engine/renderer/stb_image_write.h:522:32: warning: missing initializer for member ‘stbi__write_context::buffer’ [-Wmissing-field-initializers]
/home/runner/work/reSF2/reSF2/engine/renderer/stb_image_write.h:522:32: warning: missing initializer for member ‘stbi__write_context::buf_used’ [-Wmissing-field-initializers]
/home/runner/work/reSF2/reSF2/engine/renderer/stb_image_write.h: In function ‘int stbi_write_tga_core(stbi__write_context*, int, int, int, void*)’:
/home/runner/work/reSF2/reSF2/engine/renderer/stb_image_write.h:542:64: warning: use of old-style cast to ‘void*’ [-Wold-style-cast]
  542 |       return stbiw__outfile(s, -1, -1, x, y, comp, 0, (void *) data, has_alpha, 0,
      |                                                                ^~~~
      |                                                       -------------
      |                                                       const_cast<void *> ( data)
/home/runner/work/reSF2/reSF2/engine/renderer/stb_image_write.h:560:49: warning: use of old-style cast to ‘unsigned char*’ [-Wold-style-cast]
  560 |          unsigned char *row = (unsigned char *) data + j * x * comp;
      |                                                 ^~~~
      |                               -
      |                               static_cast<    -
      |                                               > (   )
/home/runner/work/reSF2/reSF2/engine/renderer/stb_image_write.h:248:51: warning: use of old-style cast to ‘unsigned char’ [-Wold-style-cast]
  248 | #define STBIW_UCHAR(x) (unsigned char) ((x) & 0xff)
      |                                                   ^
/home/runner/work/reSF2/reSF2/engine/renderer/stb_image_write.h:594:39: note: in expansion of macro ‘STBIW_UCHAR’
  594 |                unsigned char header = STBIW_UCHAR(len - 1);
      |                                       ^~~~~~~~~~~
/home/runner/work/reSF2/reSF2/engine/renderer/stb_image_write.h:248:51: warning: use of old-style cast to ‘unsigned char’ [-Wold-style-cast]
  248 | #define STBIW_UCHAR(x) (unsigned char) ((x) & 0xff)
      |                                                   ^
/home/runner/work/reSF2/reSF2/engine/renderer/stb_image_write.h:600:39: note: in expansion of macro ‘STBIW_UCHAR’
  600 |                unsigned char header = STBIW_UCHAR(len - 129);
      |                                       ^~~~~~~~~~~
/home/runner/work/reSF2/reSF2/engine/renderer/stb_image_write.h: In function ‘int stbi_write_tga_to_func(void (*)(void*, void*, int), void*, int, int, int, const void*)’:
/home/runner/work/reSF2/reSF2/engine/renderer/stb_image_write.h:613:32: warning: missing initializer for member ‘stbi__write_context::context’ [-Wmissing-field-initializers]
  613 |    stbi__write_context s = { 0 };
      |                                ^
/home/runner/work/reSF2/reSF2/engine/renderer/stb_image_write.h:613:32: warning: missing initializer for member ‘stbi__write_context::buffer’ [-Wmissing-field-initializers]
/home/runner/work/reSF2/reSF2/engine/renderer/stb_image_write.h:613:32: warning: missing initializer for member ‘stbi__write_context::buf_used’ [-Wmissing-field-initializers]
/home/runner/work/reSF2/reSF2/engine/renderer/stb_image_write.h: In function ‘int stbi_write_tga(const char*, int, int, int, const void*)’:
/home/runner/work/reSF2/reSF2/engine/renderer/stb_image_write.h:621:32: warning: missing initializer for member ‘stbi__write_context::context’ [-Wmissing-field-initializers]
  621 |    stbi__write_context s = { 0 };
      |                                ^
/home/runner/work/reSF2/reSF2/engine/renderer/stb_image_write.h:621:32: warning: missing initializer for member ‘stbi__write_context::buffer’ [-Wmissing-field-initializers]
/home/runner/work/reSF2/reSF2/engine/renderer/stb_image_write.h:621:32: warning: missing initializer for member ‘stbi__write_context::buf_used’ [-Wmissing-field-initializers]
/home/runner/work/reSF2/reSF2/engine/renderer/stb_image_write.h: In function ‘void stbiw__linear_to_rgbe(unsigned char*, float*)’:
/home/runner/work/reSF2/reSF2/engine/renderer/stb_image_write.h:647:57: warning: use of old-style cast to ‘float’ [-Wold-style-cast]
  647 |       float normalize = (float) frexp(maxcomp, &exponent) * 256.0f/maxcomp;
      |                                                         ^
      |                         -------
      |                         static_cast<float> (             )
/home/runner/work/reSF2/reSF2/engine/renderer/stb_image_write.h:649:54: warning: use of old-style cast to ‘unsigned char’ [-Wold-style-cast]
  649 |       rgbe[0] = (unsigned char)(linear[0] * normalize);
      |                                                      ^
      |                 -
      |                 static_cast<  -
      |                               > (                     )
/home/runner/work/reSF2/reSF2/engine/renderer/stb_image_write.h:650:54: warning: use of old-style cast to ‘unsigned char’ [-Wold-style-cast]
  650 |       rgbe[1] = (unsigned char)(linear[1] * normalize);
      |                                                      ^
      |                 -
      |                 static_cast<  -
      |                               > (                     )
/home/runner/work/reSF2/reSF2/engine/renderer/stb_image_write.h:651:54: warning: use of old-style cast to ‘unsigned char’ [-Wold-style-cast]
  651 |       rgbe[2] = (unsigned char)(linear[2] * normalize);
      |                                                      ^
      |                 -
      |                 static_cast<  -
      |                               > (                     )
/home/runner/work/reSF2/reSF2/engine/renderer/stb_image_write.h:652:47: warning: use of old-style cast to ‘unsigned char’ [-Wold-style-cast]
  652 |       rgbe[3] = (unsigned char)(exponent + 128);
      |                                               ^
      |                 -
      |                 static_cast<  -
      |                               > (              )
/home/runner/work/reSF2/reSF2/engine/renderer/stb_image_write.h: In function ‘void stbiw__write_run_data(stbi__write_context*, int, unsigned char)’:
/home/runner/work/reSF2/reSF2/engine/renderer/stb_image_write.h:248:51: warning: use of old-style cast to ‘unsigned char’ [-Wold-style-cast]
  248 | #define STBIW_UCHAR(x) (unsigned char) ((x) & 0xff)
      |                                                   ^
/home/runner/work/reSF2/reSF2/engine/renderer/stb_image_write.h:658:31: note: in expansion of macro ‘STBIW_UCHAR’
  658 |    unsigned char lengthbyte = STBIW_UCHAR(length+128);
      |                               ^~~~~~~~~~~
/home/runner/work/reSF2/reSF2/engine/renderer/stb_image_write.h: In function ‘void stbiw__write_dump_data(stbi__write_context*, int, unsigned char*)’:
/home/runner/work/reSF2/reSF2/engine/renderer/stb_image_write.h:248:51: warning: use of old-style cast to ‘unsigned char’ [-Wold-style-cast]
  248 | #define STBIW_UCHAR(x) (unsigned char) ((x) & 0xff)
      |                                                   ^
/home/runner/work/reSF2/reSF2/engine/renderer/stb_image_write.h:666:31: note: in expansion of macro ‘STBIW_UCHAR’
  666 |    unsigned char lengthbyte = STBIW_UCHAR(length);
      |                               ^~~~~~~~~~~
/home/runner/work/reSF2/reSF2/engine/renderer/stb_image_write.h: In function ‘void stbiw__write_hdr_scanline(stbi__write_context*, int, int, unsigned char*, float*)’:
/home/runner/work/reSF2/reSF2/engine/renderer/stb_image_write.h:679:38: warning: conversion from ‘int’ to ‘unsigned char’ may change value [-Wconversion]
  679 |    scanlineheader[2] = (width&0xff00)>>8;
      |                        ~~~~~~~~~~~~~~^~~
/home/runner/work/reSF2/reSF2/engine/renderer/stb_image_write.h:680:30: warning: conversion from ‘int’ to ‘unsigned char’ may change value [-Wconversion]
  680 |    scanlineheader[3] = (width&0x00ff);
      |                        ~~~~~~^~~~~~~~
/home/runner/work/reSF2/reSF2/engine/renderer/stb_image_write.h: In function ‘int stbi_write_hdr_core(stbi__write_context*, int, int, int, float*)’:
/home/runner/work/reSF2/reSF2/engine/renderer/stb_image_write.h:228:42: warning: use of old-style cast to ‘unsigned char*’ [-Wold-style-cast]
  228 | #define STBIW_MALLOC(sz)        malloc(sz)
      |                                          ^
/home/runner/work/reSF2/reSF2/engine/renderer/stb_image_write.h:767:50: note: in expansion of macro ‘STBIW_MALLOC’
  767 |       unsigned char *scratch = (unsigned char *) STBIW_MALLOC(x*4);
      |                                                  ^~~~~~~~~~~~
/home/runner/work/reSF2/reSF2/engine/renderer/stb_image_write.h: In function ‘int stbi_write_hdr_to_func(void (*)(void*, void*, int), void*, int, int, int, const float*)’:
/home/runner/work/reSF2/reSF2/engine/renderer/stb_image_write.h:789:32: warning: missing initializer for member ‘stbi__write_context::context’ [-Wmissing-field-initializers]
  789 |    stbi__write_context s = { 0 };
      |                                ^
/home/runner/work/reSF2/reSF2/engine/renderer/stb_image_write.h:789:32: warning: missing initializer for member ‘stbi__write_context::buffer’ [-Wmissing-field-initializers]
/home/runner/work/reSF2/reSF2/engine/renderer/stb_image_write.h:789:32: warning: missing initializer for member ‘stbi__write_context::buf_used’ [-Wmissing-field-initializers]
/home/runner/work/reSF2/reSF2/engine/renderer/stb_image_write.h: In function ‘int stbi_write_hdr(const char*, int, int, int, const float*)’:
/home/runner/work/reSF2/reSF2/engine/renderer/stb_image_write.h:796:32: warning: missing initializer for member ‘stbi__write_context::context’ [-Wmissing-field-initializers]
  796 |    stbi__write_context s = { 0 };
      |                                ^
/home/runner/work/reSF2/reSF2/engine/renderer/stb_image_write.h:796:32: warning: missing initializer for member ‘stbi__write_context::buffer’ [-Wmissing-field-initializers]
/home/runner/work/reSF2/reSF2/engine/renderer/stb_image_write.h:796:32: warning: missing initializer for member ‘stbi__write_context::buf_used’ [-Wmissing-field-initializers]
/home/runner/work/reSF2/reSF2/engine/renderer/stb_image_write.h: In function ‘void* stbiw__sbgrowf(void**, int, int)’:
/home/runner/work/reSF2/reSF2/engine/renderer/stb_image_write.h:814:45: warning: use of old-style cast to ‘void*’ [-Wold-style-cast]
  814 | #define stbiw__sbraw(a) ((int *) (void *) (a) - 2)
      |                                             ^
/home/runner/work/reSF2/reSF2/engine/renderer/stb_image_write.h:815:25: note: in expansion of macro ‘stbiw__sbraw’
  815 | #define stbiw__sbm(a)   stbiw__sbraw(a)[0]
      |                         ^~~~~~~~~~~~
/home/runner/work/reSF2/reSF2/engine/renderer/stb_image_write.h:828:21: note: in expansion of macro ‘stbiw__sbm’
  828 |    int m = *arr ? 2*stbiw__sbm(*arr)+increment : increment+1;
      |                     ^~~~~~~~~~
/home/runner/work/reSF2/reSF2/engine/renderer/stb_image_write.h:814:45: warning: use of old-style cast to ‘int*’ [-Wold-style-cast]
  814 | #define stbiw__sbraw(a) ((int *) (void *) (a) - 2)
      |                                             ^
/home/runner/work/reSF2/reSF2/engine/renderer/stb_image_write.h:815:25: note: in expansion of macro ‘stbiw__sbraw’
  815 | #define stbiw__sbm(a)   stbiw__sbraw(a)[0]
      |                         ^~~~~~~~~~~~
/home/runner/work/reSF2/reSF2/engine/renderer/stb_image_write.h:828:21: note: in expansion of macro ‘stbiw__sbm’
  828 |    int m = *arr ? 2*stbiw__sbm(*arr)+increment : increment+1;
      |                     ^~~~~~~~~~
/home/runner/work/reSF2/reSF2/engine/renderer/stb_image_write.h:814:45: warning: use of old-style cast to ‘void*’ [-Wold-style-cast]
  814 | #define stbiw__sbraw(a) ((int *) (void *) (a) - 2)
      |                                             ^
/home/runner/work/reSF2/reSF2/engine/renderer/stb_image_write.h:229:41: note: in definition of macro ‘STBIW_REALLOC’
  229 | #define STBIW_REALLOC(p,newsz)  realloc(p,newsz)
      |                                         ^
/home/runner/work/reSF2/reSF2/engine/renderer/stb_image_write.h:829:14: note: in expansion of macro ‘STBIW_REALLOC_SIZED’
  829 |    void *p = STBIW_REALLOC_SIZED(*arr ? stbiw__sbraw(*arr) : 0, *arr ? (stbiw__sbm(*arr)*itemsize + sizeof(int)*2) : 0, itemsize * m + sizeof(int)*2);
      |              ^~~~~~~~~~~~~~~~~~~
/home/runner/work/reSF2/reSF2/engine/renderer/stb_image_write.h:829:41: note: in expansion of macro ‘stbiw__sbraw’
  829 |    void *p = STBIW_REALLOC_SIZED(*arr ? stbiw__sbraw(*arr) : 0, *arr ? (stbiw__sbm(*arr)*itemsize + sizeof(int)*2) : 0, itemsize * m + sizeof(int)*2);
      |                                         ^~~~~~~~~~~~
/home/runner/work/reSF2/reSF2/engine/renderer/stb_image_write.h:814:45: warning: use of old-style cast to ‘int*’ [-Wold-style-cast]
  814 | #define stbiw__sbraw(a) ((int *) (void *) (a) - 2)
      |                                             ^
/home/runner/work/reSF2/reSF2/engine/renderer/stb_image_write.h:229:41: note: in definition of macro ‘STBIW_REALLOC’
  229 | #define STBIW_REALLOC(p,newsz)  realloc(p,newsz)
      |                                         ^
/home/runner/work/reSF2/reSF2/engine/renderer/stb_image_write.h:829:14: note: in expansion of macro ‘STBIW_REALLOC_SIZED’
  829 |    void *p = STBIW_REALLOC_SIZED(*arr ? stbiw__sbraw(*arr) : 0, *arr ? (stbiw__sbm(*arr)*itemsize + sizeof(int)*2) : 0, itemsize * m + sizeof(int)*2);
      |              ^~~~~~~~~~~~~~~~~~~
/home/runner/work/reSF2/reSF2/engine/renderer/stb_image_write.h:829:41: note: in expansion of macro ‘stbiw__sbraw’
  829 |    void *p = STBIW_REALLOC_SIZED(*arr ? stbiw__sbraw(*arr) : 0, *arr ? (stbiw__sbm(*arr)*itemsize + sizeof(int)*2) : 0, itemsize * m + sizeof(int)*2);
      |                                         ^~~~~~~~~~~~
/home/runner/work/reSF2/reSF2/engine/renderer/stb_image_write.h:832:27: warning: use of old-style cast to ‘int*’ [-Wold-style-cast]
  832 |       if (!*arr) ((int *) p)[1] = 0;
      |                           ^
      |                   ---------
      |                   static_cast<int *> ( p)
/home/runner/work/reSF2/reSF2/engine/renderer/stb_image_write.h:833:32: warning: use of old-style cast to ‘int*’ [-Wold-style-cast]
  833 |       *arr = (void *) ((int *) p + 2);
      |                                ^
      |                        ---------
      |                        static_cast<int *> ( p)
/home/runner/work/reSF2/reSF2/engine/renderer/stb_image_write.h:833:37: warning: use of old-style cast to ‘void*’ [-Wold-style-cast]
  833 |       *arr = (void *) ((int *) p + 2);
      |                                     ^
      |              --------
      |              static_cast<void *> (   )
/home/runner/work/reSF2/reSF2/engine/renderer/stb_image_write.h:814:45: warning: use of old-style cast to ‘void*’ [-Wold-style-cast]
  814 | #define stbiw__sbraw(a) ((int *) (void *) (a) - 2)
      |                                             ^
/home/runner/work/reSF2/reSF2/engine/renderer/stb_image_write.h:815:25: note: in expansion of macro ‘stbiw__sbraw’
  815 | #define stbiw__sbm(a)   stbiw__sbraw(a)[0]
      |                         ^~~~~~~~~~~~
/home/runner/work/reSF2/reSF2/engine/renderer/stb_image_write.h:834:7: note: in expansion of macro ‘stbiw__sbm’
  834 |       stbiw__sbm(*arr) = m;
      |       ^~~~~~~~~~
/home/runner/work/reSF2/reSF2/engine/renderer/stb_image_write.h:814:45: warning: use of old-style cast to ‘int*’ [-Wold-style-cast]
  814 | #define stbiw__sbraw(a) ((int *) (void *) (a) - 2)
      |                                             ^
/home/runner/work/reSF2/reSF2/engine/renderer/stb_image_write.h:815:25: note: in expansion of macro ‘stbiw__sbraw’
  815 | #define stbiw__sbm(a)   stbiw__sbraw(a)[0]
      |                         ^~~~~~~~~~~~
/home/runner/work/reSF2/reSF2/engine/renderer/stb_image_write.h:834:7: note: in expansion of macro ‘stbiw__sbm’
  834 |       stbiw__sbm(*arr) = m;
      |       ^~~~~~~~~~
/home/runner/work/reSF2/reSF2/engine/renderer/stb_image_write.h: In function ‘unsigned char* stbiw__zlib_flushf(unsigned char*, unsigned int*, int*)’:
/home/runner/work/reSF2/reSF2/engine/renderer/stb_image_write.h:814:45: warning: use of old-style cast to ‘void*’ [-Wold-style-cast]
  814 | #define stbiw__sbraw(a) ((int *) (void *) (a) - 2)
      |                                             ^
/home/runner/work/reSF2/reSF2/engine/renderer/stb_image_write.h:816:25: note: in expansion of macro ‘stbiw__sbraw’
  816 | #define stbiw__sbn(a)   stbiw__sbraw(a)[1]
      |                         ^~~~~~~~~~~~
/home/runner/work/reSF2/reSF2/engine/renderer/stb_image_write.h:818:44: note: in expansion of macro ‘stbiw__sbn’
  818 | #define stbiw__sbneedgrow(a,n)  ((a)==0 || stbiw__sbn(a)+n >= stbiw__sbm(a))
      |                                            ^~~~~~~~~~
/home/runner/work/reSF2/reSF2/engine/renderer/stb_image_write.h:819:34: note: in expansion of macro ‘stbiw__sbneedgrow’
  819 | #define stbiw__sbmaybegrow(a,n) (stbiw__sbneedgrow(a,(n)) ? stbiw__sbgrow(a,n) : 0)
      |                                  ^~~~~~~~~~~~~~~~~
/home/runner/work/reSF2/reSF2/engine/renderer/stb_image_write.h:822:35: note: in expansion of macro ‘stbiw__sbmaybegrow’
  822 | #define stbiw__sbpush(a, v)      (stbiw__sbmaybegrow(a,1), (a)[stbiw__sbn(a)++] = (v))
      |                                   ^~~~~~~~~~~~~~~~~~
/home/runner/work/reSF2/reSF2/engine/renderer/stb_image_write.h:842:7: note: in expansion of macro ‘stbiw__sbpush’
  842 |       stbiw__sbpush(data, STBIW_UCHAR(*bitbuffer));
      |       ^~~~~~~~~~~~~
/home/runner/work/reSF2/reSF2/engine/renderer/stb_image_write.h:814:45: warning: use of old-style cast to ‘int*’ [-Wold-style-cast]
  814 | #define stbiw__sbraw(a) ((int *) (void *) (a) - 2)
      |                                             ^
/home/runner/work/reSF2/reSF2/engine/renderer/stb_image_write.h:816:25: note: in expansion of macro ‘stbiw__sbraw’
  816 | #define stbiw__sbn(a)   stbiw__sbraw(a)[1]
      |                         ^~~~~~~~~~~~
/home/runner/work/reSF2/reSF2/engine/renderer/stb_image_write.h:818:44: note: in expansion of macro ‘stbiw__sbn’
  818 | #define stbiw__sbneedgrow(a,n)  ((a)==0 || stbiw__sbn(a)+n >= stbiw__sbm(a))
      |                                            ^~~~~~~~~~
/home/runner/work/reSF2/reSF2/engine/renderer/stb_image_write.h:819:34: note: in expansion of macro ‘stbiw__sbneedgrow’
  819 | #define stbiw__sbmaybegrow(a,n) (stbiw__sbneedgrow(a,(n)) ? stbiw__sbgrow(a,n) : 0)
      |                                  ^~~~~~~~~~~~~~~~~
/home/runner/work/reSF2/reSF2/engine/renderer/stb_image_write.h:822:35: note: in expansion of macro ‘stbiw__sbmaybegrow’
  822 | #define stbiw__sbpush(a, v)      (stbiw__sbmaybegrow(a,1), (a)[stbiw__sbn(a)++] = (v))
      |                                   ^~~~~~~~~~~~~~~~~~
/home/runner/work/reSF2/reSF2/engine/renderer/stb_image_write.h:842:7: note: in expansion of macro ‘stbiw__sbpush’
  842 |       stbiw__sbpush(data, STBIW_UCHAR(*bitbuffer));
      |       ^~~~~~~~~~~~~
/home/runner/work/reSF2/reSF2/engine/renderer/stb_image_write.h:814:45: warning: use of old-style cast to ‘void*’ [-Wold-style-cast]
  814 | #define stbiw__sbraw(a) ((int *) (void *) (a) - 2)
      |                                             ^
/home/runner/work/reSF2/reSF2/engine/renderer/stb_image_write.h:815:25: note: in expansion of macro ‘stbiw__sbraw’
  815 | #define stbiw__sbm(a)   stbiw__sbraw(a)[0]
      |                         ^~~~~~~~~~~~
/home/runner/work/reSF2/reSF2/engine/renderer/stb_image_write.h:818:63: note: in expansion of macro ‘stbiw__sbm’
  818 | #define stbiw__sbneedgrow(a,n)  ((a)==0 || stbiw__sbn(a)+n >= stbiw__sbm(a))
      |                                                               ^~~~~~~~~~
/home/runner/work/reSF2/reSF2/engine/renderer/stb_image_write.h:819:34: note: in expansion of macro ‘stbiw__sbneedgrow’
  819 | #define stbiw__sbmaybegrow(a,n) (stbiw__sbneedgrow(a,(n)) ? stbiw__sbgrow(a,n) : 0)
      |                                  ^~~~~~~~~~~~~~~~~
/home/runner/work/reSF2/reSF2/engine/renderer/stb_image_write.h:822:35: note: in expansion of macro ‘stbiw__sbmaybegrow’
  822 | #define stbiw__sbpush(a, v)      (stbiw__sbmaybegrow(a,1), (a)[stbiw__sbn(a)++] = (v))
      |                                   ^~~~~~~~~~~~~~~~~~
/home/runner/work/reSF2/reSF2/engine/renderer/stb_image_write.h:842:7: note: in expansion of macro ‘stbiw__sbpush’
  842 |       stbiw__sbpush(data, STBIW_UCHAR(*bitbuffer));
      |       ^~~~~~~~~~~~~
/home/runner/work/reSF2/reSF2/engine/renderer/stb_image_write.h:814:45: warning: use of old-style cast to ‘int*’ [-Wold-style-cast]
  814 | #define stbiw__sbraw(a) ((int *) (void *) (a) - 2)
      |                                             ^
/home/runner/work/reSF2/reSF2/engine/renderer/stb_image_write.h:815:25: note: in expansion of macro ‘stbiw__sbraw’
  815 | #define stbiw__sbm(a)   stbiw__sbraw(a)[0]
      |                         ^~~~~~~~~~~~
/home/runner/work/reSF2/reSF2/engine/renderer/stb_image_write.h:818:63: note: in expansion of macro ‘stbiw__sbm’
  818 | #define stbiw__sbneedgrow(a,n)  ((a)==0 || stbiw__sbn(a)+n >= stbiw__sbm(a))
      |                                                               ^~~~~~~~~~
/home/runner/work/reSF2/reSF2/engine/renderer/stb_image_write.h:819:34: note: in expansion of macro ‘stbiw__sbneedgrow’
  819 | #define stbiw__sbmaybegrow(a,n) (stbiw__sbneedgrow(a,(n)) ? stbiw__sbgrow(a,n) : 0)
      |                                  ^~~~~~~~~~~~~~~~~
/home/runner/work/reSF2/reSF2/engine/renderer/stb_image_write.h:822:35: note: in expansion of macro ‘stbiw__sbmaybegrow’
  822 | #define stbiw__sbpush(a, v)      (stbiw__sbmaybegrow(a,1), (a)[stbiw__sbn(a)++] = (v))
      |                                   ^~~~~~~~~~~~~~~~~~
/home/runner/work/reSF2/reSF2/engine/renderer/stb_image_write.h:842:7: note: in expansion of macro ‘stbiw__sbpush’
  842 |       stbiw__sbpush(data, STBIW_UCHAR(*bitbuffer));
      |       ^~~~~~~~~~~~~
/home/runner/work/reSF2/reSF2/engine/renderer/stb_image_write.h:820:57: warning: use of old-style cast to ‘void**’ [-Wold-style-cast]
  820 | #define stbiw__sbgrow(a,n)  stbiw__sbgrowf((void **) &(a), (n), sizeof(*(a)))
      |                                                         ^
/home/runner/work/reSF2/reSF2/engine/renderer/stb_image_write.h:819:61: note: in expansion of macro ‘stbiw__sbgrow’
  819 | #define stbiw__sbmaybegrow(a,n) (stbiw__sbneedgrow(a,(n)) ? stbiw__sbgrow(a,n) : 0)
      |                                                             ^~~~~~~~~~~~~
/home/runner/work/reSF2/reSF2/engine/renderer/stb_image_write.h:822:35: note: in expansion of macro ‘stbiw__sbmaybegrow’
  822 | #define stbiw__sbpush(a, v)      (stbiw__sbmaybegrow(a,1), (a)[stbiw__sbn(a)++] = (v))
      |                                   ^~~~~~~~~~~~~~~~~~
/home/runner/work/reSF2/reSF2/engine/renderer/stb_image_write.h:842:7: note: in expansion of macro ‘stbiw__sbpush’
  842 |       stbiw__sbpush(data, STBIW_UCHAR(*bitbuffer));
      |       ^~~~~~~~~~~~~
/home/runner/work/reSF2/reSF2/engine/renderer/stb_image_write.h:814:45: warning: use of old-style cast to ‘void*’ [-Wold-style-cast]
  814 | #define stbiw__sbraw(a) ((int *) (void *) (a) - 2)
      |                                             ^
/home/runner/work/reSF2/reSF2/engine/renderer/stb_image_write.h:816:25: note: in expansion of macro ‘stbiw__sbraw’
  816 | #define stbiw__sbn(a)   stbiw__sbraw(a)[1]
      |                         ^~~~~~~~~~~~
/home/runner/work/reSF2/reSF2/engine/renderer/stb_image_write.h:822:64: note: in expansion of macro ‘stbiw__sbn’
  822 | #define stbiw__sbpush(a, v)      (stbiw__sbmaybegrow(a,1), (a)[stbiw__sbn(a)++] = (v))
      |                                                                ^~~~~~~~~~
/home/runner/work/reSF2/reSF2/engine/renderer/stb_image_write.h:842:7: note: in expansion of macro ‘stbiw__sbpush’
  842 |       stbiw__sbpush(data, STBIW_UCHAR(*bitbuffer));
      |       ^~~~~~~~~~~~~
/home/runner/work/reSF2/reSF2/engine/renderer/stb_image_write.h:814:45: warning: use of old-style cast to ‘int*’ [-Wold-style-cast]
  814 | #define stbiw__sbraw(a) ((int *) (void *) (a) - 2)
      |                                             ^
/home/runner/work/reSF2/reSF2/engine/renderer/stb_image_write.h:816:25: note: in expansion of macro ‘stbiw__sbraw’
  816 | #define stbiw__sbn(a)   stbiw__sbraw(a)[1]
      |                         ^~~~~~~~~~~~
/home/runner/work/reSF2/reSF2/engine/renderer/stb_image_write.h:822:64: note: in expansion of macro ‘stbiw__sbn’
  822 | #define stbiw__sbpush(a, v)      (stbiw__sbmaybegrow(a,1), (a)[stbiw__sbn(a)++] = (v))
      |                                                                ^~~~~~~~~~
/home/runner/work/reSF2/reSF2/engine/renderer/stb_image_write.h:842:7: note: in expansion of macro ‘stbiw__sbpush’
  842 |       stbiw__sbpush(data, STBIW_UCHAR(*bitbuffer));
      |       ^~~~~~~~~~~~~
/home/runner/work/reSF2/reSF2/engine/renderer/stb_image_write.h:248:51: warning: use of old-style cast to ‘unsigned char’ [-Wold-style-cast]
  248 | #define STBIW_UCHAR(x) (unsigned char) ((x) & 0xff)
      |                                                   ^
/home/runner/work/reSF2/reSF2/engine/renderer/stb_image_write.h:822:84: note: in definition of macro ‘stbiw__sbpush’
  822 | #define stbiw__sbpush(a, v)      (stbiw__sbmaybegrow(a,1), (a)[stbiw__sbn(a)++] = (v))
      |                                                                                    ^
/home/runner/work/reSF2/reSF2/engine/renderer/stb_image_write.h:842:27: note: in expansion of macro ‘STBIW_UCHAR’
  842 |       stbiw__sbpush(data, STBIW_UCHAR(*bitbuffer));
      |                           ^~~~~~~~~~~
/home/runner/work/reSF2/reSF2/engine/renderer/stb_image_write.h: In function ‘void stbiw__wpcrc(unsigned char**, int)’:
/home/runner/work/reSF2/reSF2/engine/renderer/stb_image_write.h:248:51: warning: use of old-style cast to ‘unsigned char’ [-Wold-style-cast]
  248 | #define STBIW_UCHAR(x) (unsigned char) ((x) & 0xff)
      |                                                   ^
/home/runner/work/reSF2/reSF2/engine/renderer/stb_image_write.h:1073:41: note: in expansion of macro ‘STBIW_UCHAR’
 1073 | #define stbiw__wpng4(o,a,b,c,d) ((o)[0]=STBIW_UCHAR(a),(o)[1]=STBIW_UCHAR(b),(o)[2]=STBIW_UCHAR(c),(o)[3]=STBIW_UCHAR(d),(o)+=4)
      |                                         ^~~~~~~~~~~
/home/runner/work/reSF2/reSF2/engine/renderer/stb_image_write.h:1074:29: note: in expansion of macro ‘stbiw__wpng4’
 1074 | #define stbiw__wp32(data,v) stbiw__wpng4(data, (v)>>24,(v)>>16,(v)>>8,(v));
      |                             ^~~~~~~~~~~~
/home/runner/work/reSF2/reSF2/engine/renderer/stb_image_write.h:1080:4: note: in expansion of macro ‘stbiw__wp32’
 1080 |    stbiw__wp32(*data, crc);
      |    ^~~~~~~~~~~
/home/runner/work/reSF2/reSF2/engine/renderer/stb_image_write.h:248:51: warning: use of old-style cast to ‘unsigned char’ [-Wold-style-cast]
  248 | #define STBIW_UCHAR(x) (unsigned char) ((x) & 0xff)
      |                                                   ^
/home/runner/work/reSF2/reSF2/engine/renderer/stb_image_write.h:1073:63: note: in expansion of macro ‘STBIW_UCHAR’
 1073 | #define stbiw__wpng4(o,a,b,c,d) ((o)[0]=STBIW_UCHAR(a),(o)[1]=STBIW_UCHAR(b),(o)[2]=STBIW_UCHAR(c),(o)[3]=STBIW_UCHAR(d),(o)+=4)
      |                                                               ^~~~~~~~~~~
/home/runner/work/reSF2/reSF2/engine/renderer/stb_image_write.h:1074:29: note: in expansion of macro ‘stbiw__wpng4’
 1074 | #define stbiw__wp32(data,v) stbiw__wpng4(data, (v)>>24,(v)>>16,(v)>>8,(v));
      |                             ^~~~~~~~~~~~
/home/runner/work/reSF2/reSF2/engine/renderer/stb_image_write.h:1080:4: note: in expansion of macro ‘stbiw__wp32’
 1080 |    stbiw__wp32(*data, crc);
      |    ^~~~~~~~~~~
/home/runner/work/reSF2/reSF2/engine/renderer/stb_image_write.h:248:51: warning: use of old-style cast to ‘unsigned char’ [-Wold-style-cast]
  248 | #define STBIW_UCHAR(x) (unsigned char) ((x) & 0xff)
      |                                                   ^
/home/runner/work/reSF2/reSF2/engine/renderer/stb_image_write.h:1073:85: note: in expansion of macro ‘STBIW_UCHAR’
 1073 | #define stbiw__wpng4(o,a,b,c,d) ((o)[0]=STBIW_UCHAR(a),(o)[1]=STBIW_UCHAR(b),(o)[2]=STBIW_UCHAR(c),(o)[3]=STBIW_UCHAR(d),(o)+=4)
      |                                                                                     ^~~~~~~~~~~
/home/runner/work/reSF2/reSF2/engine/renderer/stb_image_write.h:1074:29: note: in expansion of macro ‘stbiw__wpng4’
 1074 | #define stbiw__wp32(data,v) stbiw__wpng4(data, (v)>>24,(v)>>16,(v)>>8,(v));
      |                             ^~~~~~~~~~~~
/home/runner/work/reSF2/reSF2/engine/renderer/stb_image_write.h:1080:4: note: in expansion of macro ‘stbiw__wp32’
 1080 |    stbiw__wp32(*data, crc);
      |    ^~~~~~~~~~~
/home/runner/work/reSF2/reSF2/engine/renderer/stb_image_write.h:248:51: warning: use of old-style cast to ‘unsigned char’ [-Wold-style-cast]
  248 | #define STBIW_UCHAR(x) (unsigned char) ((x) & 0xff)
      |                                                   ^
/home/runner/work/reSF2/reSF2/engine/renderer/stb_image_write.h:1073:107: note: in expansion of macro ‘STBIW_UCHAR’
 1073 | #define stbiw__wpng4(o,a,b,c,d) ((o)[0]=STBIW_UCHAR(a),(o)[1]=STBIW_UCHAR(b),(o)[2]=STBIW_UCHAR(c),(o)[3]=STBIW_UCHAR(d),(o)+=4)
      |                                                                                                           ^~~~~~~~~~~
/home/runner/work/reSF2/reSF2/engine/renderer/stb_image_write.h:1074:29: note: in expansion of macro ‘stbiw__wpng4’
 1074 | #define stbiw__wp32(data,v) stbiw__wpng4(data, (v)>>24,(v)>>16,(v)>>8,(v));
      |                             ^~~~~~~~~~~~
/home/runner/work/reSF2/reSF2/engine/renderer/stb_image_write.h:1080:4: note: in expansion of macro ‘stbiw__wp32’
 1080 |    stbiw__wp32(*data, crc);
      |    ^~~~~~~~~~~
/home/runner/work/reSF2/reSF2/engine/renderer/stb_image_write.h: In function ‘unsigned char stbiw__paeth(int, int, int)’:
/home/runner/work/reSF2/reSF2/engine/renderer/stb_image_write.h:248:51: warning: use of old-style cast to ‘unsigned char’ [-Wold-style-cast]
  248 | #define STBIW_UCHAR(x) (unsigned char) ((x) & 0xff)
      |                                                   ^
/home/runner/work/reSF2/reSF2/engine/renderer/stb_image_write.h:1086:37: note: in expansion of macro ‘STBIW_UCHAR’
 1086 |    if (pa <= pb && pa <= pc) return STBIW_UCHAR(a);
      |                                     ^~~~~~~~~~~
/home/runner/work/reSF2/reSF2/engine/renderer/stb_image_write.h:248:51: warning: use of old-style cast to ‘unsigned char’ [-Wold-style-cast]
  248 | #define STBIW_UCHAR(x) (unsigned char) ((x) & 0xff)
      |                                                   ^
/home/runner/work/reSF2/reSF2/engine/renderer/stb_image_write.h:1087:25: note: in expansion of macro ‘STBIW_UCHAR’
 1087 |    if (pb <= pc) return STBIW_UCHAR(b);
      |                         ^~~~~~~~~~~
/home/runner/work/reSF2/reSF2/engine/renderer/stb_image_write.h:248:51: warning: use of old-style cast to ‘unsigned char’ [-Wold-style-cast]
  248 | #define STBIW_UCHAR(x) (unsigned char) ((x) & 0xff)
      |                                                   ^
/home/runner/work/reSF2/reSF2/engine/renderer/stb_image_write.h:1088:11: note: in expansion of macro ‘STBIW_UCHAR’
 1088 |    return STBIW_UCHAR(c);
      |           ^~~~~~~~~~~
/home/runner/work/reSF2/reSF2/engine/renderer/stb_image_write.h: In function ‘void stbiw__encode_png_line(unsigned char*, int, int, int, int, int, int, signed char*)’:
/home/runner/work/reSF2/reSF2/engine/renderer/stb_image_write.h:1111:40: warning: conversion from ‘int’ to ‘signed char’ may change value [-Wconversion]
 1111 |          case 2: line_buffer[i] = z[i] - z[i-signed_stride]; break;
      |                                   ~~~~~^~~~~~~~~~~~~~~~~~~~
/home/runner/work/reSF2/reSF2/engine/renderer/stb_image_write.h:1112:40: warning: conversion from ‘int’ to ‘signed char’ may change value [-Wconversion]
 1112 |          case 3: line_buffer[i] = z[i] - (z[i-signed_stride]>>1); break;
      |                                   ~~~~~^~~~~~~~~~~~~~~~~~~~~~~~~
/home/runner/work/reSF2/reSF2/engine/renderer/stb_image_write.h:1113:93: warning: use of old-style cast to ‘signed char’ [-Wold-style-cast]
 1113 |          case 4: line_buffer[i] = (signed char) (z[i] - stbiw__paeth(0,z[i-signed_stride],0)); break;
      |                                                                                             ^
      |                                   -
      |                                   static_cast<-
      |                                               > (                                            )
/home/runner/work/reSF2/reSF2/engine/renderer/stb_image_write.h:1119:65: warning: conversion from ‘int’ to ‘signed char’ may change value [-Wconversion]
 1119 |       case 1: for (i=n; i < width*n; ++i) line_buffer[i] = z[i] - z[i-n]; break;
      |                                                            ~~~~~^~~~~~~~
/home/runner/work/reSF2/reSF2/engine/renderer/stb_image_write.h:1120:65: warning: conversion from ‘int’ to ‘signed char’ may change value [-Wconversion]
 1120 |       case 2: for (i=n; i < width*n; ++i) line_buffer[i] = z[i] - z[i-signed_stride]; break;
      |                                                            ~~~~~^~~~~~~~~~~~~~~~~~~~
/home/runner/work/reSF2/reSF2/engine/renderer/stb_image_write.h:1121:65: warning: conversion from ‘int’ to ‘signed char’ may change value [-Wconversion]
 1121 |       case 3: for (i=n; i < width*n; ++i) line_buffer[i] = z[i] - ((z[i-n] + z[i-signed_stride])>>1); break;
      |                                                            ~~~~~^~~~~~~~~~~~~~~~~~~~~~~~~~~~~~~~~~~~
/home/runner/work/reSF2/reSF2/engine/renderer/stb_image_write.h:1122:65: warning: conversion from ‘int’ to ‘signed char’ may change value [-Wconversion]
 1122 |       case 4: for (i=n; i < width*n; ++i) line_buffer[i] = z[i] - stbiw__paeth(z[i-n], z[i-signed_stride], z[i-signed_stride-n]); break;
      |                                                            ~~~~~^~~~~~~~~~~~~~~~~~~~~~~~~~~~~~~~~~~~~~~~~~~~~~~~~~~~~~~~~~~~~~~~
/home/runner/work/reSF2/reSF2/engine/renderer/stb_image_write.h:1123:65: warning: conversion from ‘int’ to ‘signed char’ may change value [-Wconversion]
 1123 |       case 5: for (i=n; i < width*n; ++i) line_buffer[i] = z[i] - (z[i-n]>>1); break;
      |                                                            ~~~~~^~~~~~~~~~~~~
/home/runner/work/reSF2/reSF2/engine/renderer/stb_image_write.h:1124:65: warning: conversion from ‘int’ to ‘signed char’ may change value [-Wconversion]
 1124 |       case 6: for (i=n; i < width*n; ++i) line_buffer[i] = z[i] - stbiw__paeth(z[i-n], 0,0); break;
      |                                                            ~~~~~^~~~~~~~~~~~~~~~~~~~~~~~~~~
/home/runner/work/reSF2/reSF2/engine/renderer/stb_image_write.h: In function ‘void stbiw__jpg_writeBits(stbi__write_context*, int*, int*, const short unsigned int*)’:
/home/runner/work/reSF2/reSF2/engine/renderer/stb_image_write.h:1258:40: warning: conversion from ‘int’ to ‘unsigned char’ may change value [-Wconversion]
 1258 |       unsigned char c = (bitBuf >> 16) & 255;
      |                         ~~~~~~~~~~~~~~~^~~~~
/home/runner/work/reSF2/reSF2/engine/renderer/stb_image_write.h: In function ‘void stbiw__jpg_calcBits(int, short unsigned int*)’:
/home/runner/work/reSF2/reSF2/engine/renderer/stb_image_write.h:1325:18: warning: conversion from ‘int’ to ‘short unsigned int’ may change value [-Wconversion]
 1325 |    bits[0] = val & ((1<<bits[1])-1);
      |              ~~~~^~~~~~~~~~~~~~~~~~
/home/runner/work/reSF2/reSF2/engine/renderer/stb_image_write.h: In function ‘int stbiw__jpg_processDU(stbi__write_context*, int*, int*, float*, int, float*, int, const short unsigned int (*)[2], const short unsigned int (*)[2])’:
/home/runner/work/reSF2/reSF2/engine/renderer/stb_image_write.h:1351:70: warning: use of old-style cast to ‘int’ [-Wold-style-cast]
 1351 |          DU[stbiw__jpg_ZigZag[j]] = (int)(v < 0 ? v - 0.5f : v + 0.5f);
      |                                                                      ^
      |                                     -----
      |                                     static_cast<int> (                )
/home/runner/work/reSF2/reSF2/engine/renderer/stb_image_write.h: In function ‘int stbi_write_jpg_core(stbi__write_context*, int, int, int, const void*, int)’:
/home/runner/work/reSF2/reSF2/engine/renderer/stb_image_write.h:1485:90: warning: use of old-style cast to ‘unsigned char’ [-Wold-style-cast]
 1485 |       YTable[stbiw__jpg_ZigZag[i]] = (unsigned char) (yti < 1 ? 1 : yti > 255 ? 255 : yti);
      |                                                                                          ^
      |                                      -
      |                                      static_cast<  -
      |                                                    > (                                    )
/home/runner/work/reSF2/reSF2/engine/renderer/stb_image_write.h:1487:94: warning: use of old-style cast to ‘unsigned char’ [-Wold-style-cast]
 1487 |       UVTable[stbiw__jpg_ZigZag[i]] = (unsigned char) (uvti < 1 ? 1 : uvti > 255 ? 255 : uvti);
      |                                                                                              ^
      |                                       -
      |                                       static_cast<  -
      |                                                     > (                                       )
/home/runner/work/reSF2/reSF2/engine/renderer/stb_image_write.h:1501:83: warning: use of old-style cast to ‘unsigned char’ [-Wold-style-cast]
 1501 |       const unsigned char head1[] = { 0xFF,0xC0,0,0x11,8,(unsigned char)(height>>8),STBIW_UCHAR(height),(unsigned char)(width>>8),STBIW_UCHAR(width),
      |                                                                                   ^
      |                                                          -
      |                                                          static_cast<  -
      |                                                                        > (         )
/home/runner/work/reSF2/reSF2/engine/renderer/stb_image_write.h:248:51: warning: use of old-style cast to ‘unsigned char’ [-Wold-style-cast]
  248 | #define STBIW_UCHAR(x) (unsigned char) ((x) & 0xff)
      |                                                   ^
/home/runner/work/reSF2/reSF2/engine/renderer/stb_image_write.h:1501:85: note: in expansion of macro ‘STBIW_UCHAR’
 1501 |       const unsigned char head1[] = { 0xFF,0xC0,0,0x11,8,(unsigned char)(height>>8),STBIW_UCHAR(height),(unsigned char)(width>>8),STBIW_UCHAR(width),
      |                                                                                     ^~~~~~~~~~~
/home/runner/work/reSF2/reSF2/engine/renderer/stb_image_write.h:1501:129: warning: use of old-style cast to ‘unsigned char’ [-Wold-style-cast]
 1501 |       const unsigned char head1[] = { 0xFF,0xC0,0,0x11,8,(unsigned char)(height>>8),STBIW_UCHAR(height),(unsigned char)(width>>8),STBIW_UCHAR(width),
      |                                                                                                                                 ^
      |                                                                                                         -
      |                                                                                                         static_cast<  -
      |                                                                                                                       > (        )
/home/runner/work/reSF2/reSF2/engine/renderer/stb_image_write.h:248:51: warning: use of old-style cast to ‘unsigned char’ [-Wold-style-cast]
  248 | #define STBIW_UCHAR(x) (unsigned char) ((x) & 0xff)
      |                                                   ^
/home/runner/work/reSF2/reSF2/engine/renderer/stb_image_write.h:1501:131: note: in expansion of macro ‘STBIW_UCHAR’
 1501 |       const unsigned char head1[] = { 0xFF,0xC0,0,0x11,8,(unsigned char)(height>>8),STBIW_UCHAR(height),(unsigned char)(width>>8),STBIW_UCHAR(width),
      |                                                                                                                                   ^~~~~~~~~~~
/home/runner/work/reSF2/reSF2/engine/renderer/stb_image_write.h:1502:78: warning: use of old-style cast to ‘unsigned char’ [-Wold-style-cast]
 1502 |                                       3,1,(unsigned char)(subsample?0x22:0x11),0,2,0x11,1,3,0x11,1,0xFF,0xC4,0x01,0xA2,0 };
      |                                                                              ^
      |                                           -
      |                                           static_cast<  -
      |                                                         > (                   )
/home/runner/work/reSF2/reSF2/engine/renderer/stb_image_write.h:1503:34: warning: use of old-style cast to ‘void*’ [-Wold-style-cast]
 1503 |       s->func(s->context, (void*)head0, sizeof(head0));
      |                                  ^~~~~
/home/runner/work/reSF2/reSF2/engine/renderer/stb_image_write.h:1504:34: warning: use of old-style cast to ‘void*’ [-Wold-style-cast]
 1504 |       s->func(s->context, (void*)YTable, sizeof(YTable));
      |                                  ^~~~~~
      |                           -------------
      |                           static_cast<void*> (YTable)
/home/runner/work/reSF2/reSF2/engine/renderer/stb_image_write.h:1507:34: warning: use of old-style cast to ‘void*’ [-Wold-style-cast]
 1507 |       s->func(s->context, (void*)head1, sizeof(head1));
      |                                  ^~~~~
/home/runner/work/reSF2/reSF2/engine/renderer/stb_image_write.h:1508:61: warning: use of old-style cast to ‘void*’ [-Wold-style-cast]
 1508 |       s->func(s->context, (void*)(std_dc_luminance_nrcodes+1), sizeof(std_dc_luminance_nrcodes)-1);
      |                                                             ^
/home/runner/work/reSF2/reSF2/engine/renderer/stb_image_write.h:1509:34: warning: use of old-style cast to ‘void*’ [-Wold-style-cast]
 1509 |       s->func(s->context, (void*)std_dc_luminance_values, sizeof(std_dc_luminance_values));
      |                                  ^~~~~~~~~~~~~~~~~~~~~~~
/home/runner/work/reSF2/reSF2/engine/renderer/stb_image_write.h:1511:61: warning: use of old-style cast to ‘void*’ [-Wold-style-cast]
 1511 |       s->func(s->context, (void*)(std_ac_luminance_nrcodes+1), sizeof(std_ac_luminance_nrcodes)-1);
      |                                                             ^
/home/runner/work/reSF2/reSF2/engine/renderer/stb_image_write.h:1512:34: warning: use of old-style cast to ‘void*’ [-Wold-style-cast]
 1512 |       s->func(s->context, (void*)std_ac_luminance_values, sizeof(std_ac_luminance_values));
      |                                  ^~~~~~~~~~~~~~~~~~~~~~~
/home/runner/work/reSF2/reSF2/engine/renderer/stb_image_write.h:1514:63: warning: use of old-style cast to ‘void*’ [-Wold-style-cast]
 1514 |       s->func(s->context, (void*)(std_dc_chrominance_nrcodes+1), sizeof(std_dc_chrominance_nrcodes)-1);
      |                                                               ^
/home/runner/work/reSF2/reSF2/engine/renderer/stb_image_write.h:1515:34: warning: use of old-style cast to ‘void*’ [-Wold-style-cast]
 1515 |       s->func(s->context, (void*)std_dc_chrominance_values, sizeof(std_dc_chrominance_values));
      |                                  ^~~~~~~~~~~~~~~~~~~~~~~~~
/home/runner/work/reSF2/reSF2/engine/renderer/stb_image_write.h:1517:63: warning: use of old-style cast to ‘void*’ [-Wold-style-cast]
 1517 |       s->func(s->context, (void*)(std_ac_chrominance_nrcodes+1), sizeof(std_ac_chrominance_nrcodes)-1);
      |                                                               ^
/home/runner/work/reSF2/reSF2/engine/renderer/stb_image_write.h:1518:34: warning: use of old-style cast to ‘void*’ [-Wold-style-cast]
 1518 |       s->func(s->context, (void*)std_ac_chrominance_values, sizeof(std_ac_chrominance_values));
      |                                  ^~~~~~~~~~~~~~~~~~~~~~~~~
/home/runner/work/reSF2/reSF2/engine/renderer/stb_image_write.h:1519:34: warning: use of old-style cast to ‘void*’ [-Wold-style-cast]
 1519 |       s->func(s->context, (void*)head2, sizeof(head2));
      |                                  ^~~~~
/home/runner/work/reSF2/reSF2/engine/renderer/stb_image_write.h:1529:59: warning: use of old-style cast to ‘const unsigned char*’ [-Wold-style-cast]
 1529 |       const unsigned char *dataR = (const unsigned char *)data;
      |                                                           ^~~~
      |                                    -
      |                                    static_cast<          -
      |                                                          > (  )
/home/runner/work/reSF2/reSF2/engine/renderer/stb_image_write.h: In function ‘int stbi_write_jpg_to_func(void (*)(void*, void*, int), void*, int, int, int, const void*, int)’:
/home/runner/work/reSF2/reSF2/engine/renderer/stb_image_write.h:1609:32: warning: missing initializer for member ‘stbi__write_context::context’ [-Wmissing-field-initializers]
 1609 |    stbi__write_context s = { 0 };
      |                                ^
/home/runner/work/reSF2/reSF2/engine/renderer/stb_image_write.h:1609:32: warning: missing initializer for member ‘stbi__write_context::buffer’ [-Wmissing-field-initializers]
/home/runner/work/reSF2/reSF2/engine/renderer/stb_image_write.h:1609:32: warning: missing initializer for member ‘stbi__write_context::buf_used’ [-Wmissing-field-initializers]
/home/runner/work/reSF2/reSF2/engine/renderer/stb_image_write.h: In function ‘int stbi_write_jpg(const char*, int, int, int, const void*, int)’:
/home/runner/work/reSF2/reSF2/engine/renderer/stb_image_write.h:1618:32: warning: missing initializer for member ‘stbi__write_context::context’ [-Wmissing-field-initializers]
 1618 |    stbi__write_context s = { 0 };
      |                                ^
/home/runner/work/reSF2/reSF2/engine/renderer/stb_image_write.h:1618:32: warning: missing initializer for member ‘stbi__write_context::buffer’ [-Wmissing-field-initializers]
/home/runner/work/reSF2/reSF2/engine/renderer/stb_image_write.h:1618:32: warning: missing initializer for member ‘stbi__write_context::buf_used’ [-Wmissing-field-initializers]
/home/runner/work/reSF2/reSF2/engine/renderer/stb_image.h: At global scope:
/home/runner/work/reSF2/reSF2/engine/renderer/stb_image.h:1078:12: warning: ‘int stbi__mul2shorts_valid(int, int)’ defined but not used [-Wunused-function]
 1078 | static int stbi__mul2shorts_valid(int a, int b)
      |            ^~~~~~~~~~~~~~~~~~~~~~
/home/runner/work/reSF2/reSF2/engine/renderer/stb_image.h:1070:12: warning: ‘int stbi__addints_valid(int, int)’ defined but not used [-Wunused-function]
 1070 | static int stbi__addints_valid(int a, int b)
      |            ^~~~~~~~~~~~~~~~~~~
/home/runner/work/reSF2/reSF2/engine/renderer/stb_image_write.h: In function ‘unsigned char* stbiw__zlib_flushf(unsigned char*, unsigned int*, int*)’:
/home/runner/work/reSF2/reSF2/engine/renderer/stb_image_write.h:816:42: warning: potential null pointer dereference [-Wnull-dereference]
  816 | #define stbiw__sbn(a)   stbiw__sbraw(a)[1]
      |                                          ^
/home/runner/work/reSF2/reSF2/engine/renderer/stb_image_write.h:822:64: note: in expansion of macro ‘stbiw__sbn’
  822 | #define stbiw__sbpush(a, v)      (stbiw__sbmaybegrow(a,1), (a)[stbiw__sbn(a)++] = (v))
      |                                                                ^~~~~~~~~~
/home/runner/work/reSF2/reSF2/engine/renderer/stb_image_write.h:842:7: note: in expansion of macro ‘stbiw__sbpush’
  842 |       stbiw__sbpush(data, STBIW_UCHAR(*bitbuffer));
      |       ^~~~~~~~~~~~~
/home/runner/work/reSF2/reSF2/engine/renderer/stb_image_write.h:822:77: warning: potential null pointer dereference [-Wnull-dereference]
  822 | #define stbiw__sbpush(a, v)      (stbiw__sbmaybegrow(a,1), (a)[stbiw__sbn(a)++] = (v))
      |                                                                             ^
/home/runner/work/reSF2/reSF2/engine/renderer/stb_image_write.h:842:7: note: in expansion of macro ‘stbiw__sbpush’
  842 |       stbiw__sbpush(data, STBIW_UCHAR(*bitbuffer));
      |       ^~~~~~~~~~~~~
/home/runner/work/reSF2/reSF2/engine/renderer/stb_image_write.h: In function ‘unsigned char* stbi_zlib_compress(unsigned char*, int, int*, int)’:
/home/runner/work/reSF2/reSF2/engine/renderer/stb_image_write.h:815:42: warning: potential null pointer dereference [-Wnull-dereference]
  815 | #define stbiw__sbm(a)   stbiw__sbraw(a)[0]
      |                                          ^
/home/runner/work/reSF2/reSF2/engine/renderer/stb_image_write.h:818:63: note: in expansion of macro ‘stbiw__sbm’
  818 | #define stbiw__sbneedgrow(a,n)  ((a)==0 || stbiw__sbn(a)+n >= stbiw__sbm(a))
      |                                                               ^~~~~~~~~~
/home/runner/work/reSF2/reSF2/engine/renderer/stb_image_write.h:819:34: note: in expansion of macro ‘stbiw__sbneedgrow’
  819 | #define stbiw__sbmaybegrow(a,n) (stbiw__sbneedgrow(a,(n)) ? stbiw__sbgrow(a,n) : 0)
      |                                  ^~~~~~~~~~~~~~~~~
/home/runner/work/reSF2/reSF2/engine/renderer/stb_image_write.h:822:35: note: in expansion of macro ‘stbiw__sbmaybegrow’
  822 | #define stbiw__sbpush(a, v)      (stbiw__sbmaybegrow(a,1), (a)[stbiw__sbn(a)++] = (v))
      |                                   ^~~~~~~~~~~~~~~~~~
/home/runner/work/reSF2/reSF2/engine/renderer/stb_image_write.h:914:4: note: in expansion of macro ‘stbiw__sbpush’
  914 |    stbiw__sbpush(out, 0x5e);   // FLEVEL = 1
      |    ^~~~~~~~~~~~~
/home/runner/work/reSF2/reSF2/engine/renderer/stb_image_write.h:816:42: warning: potential null pointer dereference [-Wnull-dereference]
  816 | #define stbiw__sbn(a)   stbiw__sbraw(a)[1]
      |                                          ^
/home/runner/work/reSF2/reSF2/engine/renderer/stb_image_write.h:818:44: note: in expansion of macro ‘stbiw__sbn’
  818 | #define stbiw__sbneedgrow(a,n)  ((a)==0 || stbiw__sbn(a)+n >= stbiw__sbm(a))
      |                                            ^~~~~~~~~~
/home/runner/work/reSF2/reSF2/engine/renderer/stb_image_write.h:819:34: note: in expansion of macro ‘stbiw__sbneedgrow’
  819 | #define stbiw__sbmaybegrow(a,n) (stbiw__sbneedgrow(a,(n)) ? stbiw__sbgrow(a,n) : 0)
      |                                  ^~~~~~~~~~~~~~~~~
/home/runner/work/reSF2/reSF2/engine/renderer/stb_image_write.h:822:35: note: in expansion of macro ‘stbiw__sbmaybegrow’
  822 | #define stbiw__sbpush(a, v)      (stbiw__sbmaybegrow(a,1), (a)[stbiw__sbn(a)++] = (v))
      |                                   ^~~~~~~~~~~~~~~~~~
/home/runner/work/reSF2/reSF2/engine/renderer/stb_image_write.h:914:4: note: in expansion of macro ‘stbiw__sbpush’
  914 |    stbiw__sbpush(out, 0x5e);   // FLEVEL = 1
      |    ^~~~~~~~~~~~~
/home/runner/work/reSF2/reSF2/engine/renderer/stb_image_write.h:816:42: warning: potential null pointer dereference [-Wnull-dereference]
  816 | #define stbiw__sbn(a)   stbiw__sbraw(a)[1]
      |                                          ^
/home/runner/work/reSF2/reSF2/engine/renderer/stb_image_write.h:822:64: note: in expansion of macro ‘stbiw__sbn’
  822 | #define stbiw__sbpush(a, v)      (stbiw__sbmaybegrow(a,1), (a)[stbiw__sbn(a)++] = (v))
      |                                                                ^~~~~~~~~~
/home/runner/work/reSF2/reSF2/engine/renderer/stb_image_write.h:913:4: note: in expansion of macro ‘stbiw__sbpush’
  913 |    stbiw__sbpush(out, 0x78);   // DEFLATE 32K window
      |    ^~~~~~~~~~~~~
/home/runner/work/reSF2/reSF2/engine/renderer/stb_image_write.h:822:77: warning: potential null pointer dereference [-Wnull-dereference]
  822 | #define stbiw__sbpush(a, v)      (stbiw__sbmaybegrow(a,1), (a)[stbiw__sbn(a)++] = (v))
      |                                                                             ^
/home/runner/work/reSF2/reSF2/engine/renderer/stb_image_write.h:913:4: note: in expansion of macro ‘stbiw__sbpush’
  913 |    stbiw__sbpush(out, 0x78);   // DEFLATE 32K window
      |    ^~~~~~~~~~~~~
[30/55] Linking C static library lib/libglfw3.a
ninja: build stopped: subcommand failed.
